post_id,text,label
30acef840101,【メモ】生成AIを授業で使うときのガイドラインが大学から公開されました。,情報提供
a428d9e6cc2c,大阪城公園の桜、今週末が満開の予想です。周辺は交通規制があります。 どう思いますか？,情報提供
d4082879d833,観光周遊バスの一日乗車券が新登場。主要スポットを巡れます。,宣伝・告知
2dde3a3fc061,【メモ】観光地のゴミ箱が少なすぎる。オーバーツーリズム対策としてもっと設置してほしい。 みんなも気をつけて。,意見・要望
5a3b671d039c,ちょっと共有。観光案内所で無料の多言語マップが配布されています。 #観光,情報提供
8a0b45b9d045,画像生成AIの学習データの扱い、もっと透明性が必要だと思う。,意見・要望
ef56e2061988,今日の話題。淡路島でサイクリング。海沿いの道が気持ちよかった。 #生成AI,体験・感想
76ae7cd27ce2,訪日観光客数が月間で過去最多を記録しました。 #観光,情報提供
3f6f170daff2,AIが作った音楽が配信ランキングに入ったというニュース。 #防災,情報提供
92f8c5a87c72,ちょっと共有。市のハザードマップが更新されています。自宅の浸水想定区域を確認しておきましょう。 詳しくは後ほど。,情報提供
3ae5e63d89e0,【メモ】学生向けAIハッカソンの参加者を募集中。賞金あり。 どう思いますか？,宣伝・告知
97c5b91a51d1,AIと英会話の練習をしている。恥ずかしくないのがいい。 #生成AI,体験・感想
b0e59ae7d8fa,駅前の帰宅困難者対策、もっと周知したほうがいいのでは。,意見・要望
9842e0b3c413,今日の話題。生成AIの電力消費が問題になっているという記事を読んだ。 #防災,情報提供
64e0a0b11fb9,速報：観光客のマナー問題、注意喚起だけでは限界があると思う。 詳しくは後ほど。,意見・要望
8b1ca7f24196,今日の話題。避難所運営のボランティアに参加。段ボールベッドの組み立てが大変だった。 #防災,体験・感想
ac812490e3db,備忘録：新しい画像生成モデルが発表されました。日本語の指示にも対応。 どう思いますか？,情報提供
fa65de0e100c,今日の話題。AIの回答は自信満々に間違うことがあるので、鵜呑みにするのは危険。,意見・要望
4ec8907d6f68,ちょっと共有。画像生成AIで旅行の思い出をイラストにしてみた。意外とそれっぽい。,体験・感想
57cad012abc2,ちょっと共有。新しい画像生成モデルが発表されました。日本語の指示にも対応。 どう思いますか？,情報提供
88967107a90a,速報：【お知らせ】10月5日に地域防災フェアを開催します。起震車体験もあります。 これは大事。,宣伝・告知
7569a8f7636b,【メモ】生成AIの電力消費が問題になっているという記事を読んだ。 これは大事。,情報提供
cd5573fd8f85,備忘録：生成AIを使った業務効率化ツールをリリースしました。無料トライアルあり。 #生成AI,宣伝・告知
d6b0f5015a87,気になった。AIの回答をそのまま提出する学生が増えている。課題の出し方を変えるべきだと思う。 #生成AI,意見・要望
2d90cf24cab8,今日の話題。駅前の帰宅困難者対策、もっと周知したほうがいいのでは。 どう思いますか？,意見・要望
0137e3b52530,【メモ】訪日観光客数が月間で過去最多を記録しました。 詳しくは後ほど。,情報提供
3acb3f981cf3,速報：道頓堀でたこ焼き食べ歩き。どこも行列だったけど満足。 #生成AI,体験・感想
6b6ebc9f2442,備忘録：生成AIに関する書籍を出版しました。書店で発売中。 #防災,宣伝・告知
07b3c1a07cab,神戸の中華街で食べ歩き。豚まんが最高だった。 みんなも気をつけて。,体験・感想
072793393da0,今日の話題。AIの回答は自信満々に間違うことがあるので、鵜呑みにするのは危険。 #生成AI,意見・要望
42ea26836c8e,【メモ】観光地の案内表示、英語だけでなく中国語や韓国語も必要だと思う。 #生成AI,意見・要望
b89d15773e5a,ちょっと共有。市のハザードマップが更新されています。自宅の浸水想定区域を確認しておきましょう。 どう思いますか？,情報提供
5254a71c9c0e,大雨で川の水位がすごいことになっていた。早めに帰って正解だった。,体験・感想
14aecb524f4c,生成AIを授業で使うときのガイドラインが大学から公開されました。 これは大事。,情報提供
448edc964b2f,気になった。英語のメールをAIに添削してもらったら表現が自然になった。,体験・感想
2b250335ecd3,【メモ】地震速報：震度4を観測。津波の心配はありません。 #防災,情報提供
5422353cd7ac,ちょっと共有。有名な観光地ばかり宣伝せずに、地方の穴場ももっと紹介してほしい。,意見・要望
4e26d82bcdd9,速報：観光地の案内表示、英語だけでなく中国語や韓国語も必要だと思う。 みんなも気をつけて。,意見・要望
ee36b475c8f1,備忘録：地元グルメが集まるフードフェスを開催します。入場無料。 どう思いますか？,宣伝・告知
a2eb1f9c52e6,備忘録：生成AIで作ったレポートを見抜くより、対話型の評価に変えたほうがいい。 #観光,意見・要望
ebbb134e5b39,ちょっと共有。京都の紅葉は11月中旬から見頃になりそうです。今年は少し遅めの予想。,情報提供
834153f48b20,気になった。避難所が開設されました。場所は市民体育館と小学校の体育館です。 #防災,情報提供
32ce180d1da9,今日の話題。地震速報：震度4を観測。津波の心配はありません。 どう思いますか？,情報提供
04120ebad9f4,気になった。ペットと一緒に避難できる避難所を増やしてほしい。,意見・要望
97bb97364247,備忘録：生成AIの著作権に関する文化庁の考え方が更新されました。,情報提供
9666e19901d1,【メモ】生成AIの出力は必ず自分で検証する習慣をつけるべき。 詳しくは後ほど。,意見・要望
dfc8af39adcd,気になった。避難所の案内が分かりにくい。看板をもっと増やしてほしい。,意見・要望
d4a1346195f7,京都の紅葉は11月中旬から見頃になりそうです。今年は少し遅めの予想。 詳しくは後ほど。,情報提供
21b669129d7c,観光地の案内表示、英語だけでなく中国語や韓国語も必要だと思う。 #観光,意見・要望
4d9e6cc4d6a2,備忘録：淡路島でサイクリング。海沿いの道が気持ちよかった。,体験・感想
952019db5a6d,夜景クルーズの秋便を運航中。予約はウェブサイトから。,宣伝・告知
d0fe16371727,大学の講義で生成AIの活用事例が紹介されました。,情報提供
0566e44bc704,速報：観光客のマナー問題、注意喚起だけでは限界があると思う。 #観光,意見・要望
f1499e8927b4,ちょっと共有。非常食セットが期間限定で20%オフ。備蓄の見直しにどうぞ。,宣伝・告知
b297b55833b8,国内企業の生成AI導入率は約4割とのこと。 これは大事。,情報提供
6998ea8cf98f,備忘録：非常用持ち出し袋の中身リスト：水、食料、モバイルバッテリー、常備薬、懐中電灯。 #生成AI,情報提供
c8d826b14821,【メモ】英語のメールをAIに添削してもらったら表現が自然になった。,体験・感想
7bdeb6394844,今日の話題。奈良公園へのアクセスは近鉄奈良駅から徒歩5分です。 みんなも気をつけて。,情報提供
63b7e7e57a81,天橋立の展望台から股のぞきをしてきた。噂通りの絶景。 これは大事。,体験・感想
205e46ae889a,気になった。京都の紅葉は11月中旬から見頃になりそうです。今年は少し遅めの予想。,情報提供
7e2d8ae76c4f,非常食のアルファ米を試食してみたら意外とおいしかった。 みんなも気をつけて。,体験・感想
49bc671219ce,【メモ】AI利用のルールを学校ごとに決めるのは限界がある。国の指針がほしい。 #防災,意見・要望
89ee1ea2ecb6,備忘録：子どもと一緒にハザードマップを見て避難経路を歩いてみた。 #防災,体験・感想
3330812b873c,気になった。市のハザードマップが更新されています。自宅の浸水想定区域を確認しておきましょう。 みんなも気をつけて。,情報提供
5beedc7f86b4,京都の紅葉は11月中旬から見頃になりそうです。今年は少し遅めの予想。 詳しくは後ほど。,情報提供
698cf5ecb78d,【メモ】京都のバスが混みすぎて地元の人が乗れない。何とかしてほしい。,意見・要望
3c6c52a8c57c,気になった。大雨で川の水位がすごいことになっていた。早めに帰って正解だった。,体験・感想
521f033c07ef,気になった。姫路城の入場料が改定されます。詳細は公式サイトで。 どう思いますか？,情報提供
12fae5368746,国内企業の生成AI導入率は約4割とのこと。 詳しくは後ほど。,情報提供
d010ce64be54,気になった。画像生成AIの使い方講座、動画を公開しました。 #観光,宣伝・告知
ef679a1e1490,生成AIで作った献立が意外とまともで助かった。,体験・感想
f945e8d7c7f5,昨日の地震、揺れが長くて怖かった。家具の固定を見直そうと思う。,体験・感想
b7b15fff1900,今日の話題。停電時のスマホの節電方法をまとめました。低電力モードが有効です。 #防災,情報提供
a70bf43e5d1b,ちょっと共有。AIの回答をそのまま提出する学生が増えている。課題の出し方を変えるべきだと思う。,意見・要望
60d67f0a16bd,地域の防災訓練に参加してきた。消火器の使い方を初めて体験した。 詳しくは後ほど。,体験・感想
7a0375e0e29e,備忘録：京都のバスが混みすぎて地元の人が乗れない。何とかしてほしい。,意見・要望
281681641788,市民向け防災講演会を開催します。参加無料、要申込。,宣伝・告知
8f4be03613bf,関西空港からのリムジンバスの時刻表が改正されました。 これは大事。,情報提供
afefbd9c6fa8,今日の話題。高校でも生成AIの授業をやるべきだと思う。 #観光,意見・要望
88f278a0c835,ちょっと共有。有名な観光地ばかり宣伝せずに、地方の穴場ももっと紹介してほしい。 どう思いますか？,意見・要望
5c89704578eb,今日の話題。AIに数学の問題を解かせたら途中で計算間違いをしていた。 詳しくは後ほど。,体験・感想
f7aacc55ab3a,研究室で生成AIの勉強会をやった。使い方が人によって全然違って面白い。 #観光,体験・感想
79995990900f,生成AIの電力消費が問題になっているという記事を読んだ。 どう思いますか？,情報提供
e2fb88803365,有馬温泉に日帰りで行ってきた。金泉の色にびっくり。 これは大事。,体験・感想
176a63d24c0d,ちょっと共有。土砂災害警戒情報が出ています。斜面の近くにお住まいの方は早めの避難を。 #生成AI,情報提供
e89f7fc4040c,【メモ】生成AIを使った業務効率化ツールをリリースしました。無料トライアルあり。 詳しくは後ほど。,宣伝・告知
8c121780000f,子どもと一緒にハザードマップを見て避難経路を歩いてみた。,体験・感想
442f2cbcd55f,今日の話題。レポートの構成をAIに相談してみた。アイデア出しには便利。 詳しくは後ほど。,体験・感想
363343d162d8,ちょっと共有。防災訓練が平日昼間ばかりで、働いている人が参加できないのはどうかと思う。 詳しくは後ほど。,意見・要望
09092206dc9e,気になった。非常用持ち出し袋の中身リスト：水、食料、モバイルバッテリー、常備薬、懐中電灯。 みんなも気をつけて。,情報提供
1e19c57cadd6,高校でも生成AIの授業をやるべきだと思う。,意見・要望
6e1fb038c70c,気になった。防災グッズ特集ページを公開しました。おすすめの非常用ライトを紹介中。,宣伝・告知
f666c0e5a42b,子どもと一緒にハザードマップを見て避難経路を歩いてみた。,体験・感想
a43ac8f1901a,ちょっと共有。宿泊プラン「紅葉と温泉」の予約受付を開始しました。,宣伝・告知
c88afe9242af,【メモ】生成AIに関する書籍を出版しました。書店で発売中。 どう思いますか？,宣伝・告知
0452cf28407e,奈良公園へのアクセスは近鉄奈良駅から徒歩5分です。,情報提供
f965458d2a85,今日の話題。自治体の防災アプリで避難情報がプッシュ通知されます。インストールをおすすめします。 どう思いますか？,情報提供
a9e5ed631ac1,ちょっと共有。停電を経験して、モバイルバッテリーの大切さを痛感した。 #生成AI,体験・感想
0ad7316be508,備忘録：防災訓練が平日昼間ばかりで、働いている人が参加できないのはどうかと思う。 #防災,意見・要望
54d3abf641da,観光地のゴミ箱が少なすぎる。オーバーツーリズム対策としてもっと設置してほしい。 詳しくは後ほど。,意見・要望
3e85201dbeb6,天橋立の展望台から股のぞきをしてきた。噂通りの絶景。,体験・感想
b515e977ac85,天橋立の展望台から股のぞきをしてきた。噂通りの絶景。 #観光,体験・感想
f452603cf2a1,今日の話題。温泉地の混雑予想カレンダーが公開されています。 詳しくは後ほど。,情報提供
8807d9f6abc6,今日の話題。嵐山の竹林を早朝に歩いてきた。人が少なくて最高だった。 #生成AI,体験・感想
9da6c60781f4,学生向けAIハッカソンの参加者を募集中。賞金あり。,宣伝・告知
0bcf8e8e3de5,【メモ】生成AIを授業で使うときのガイドラインが大学から公開されました。,情報提供
0f1e17cce515,速報：生成AIの出力は必ず自分で検証する習慣をつけるべき。,意見・要望
cd8f0f4a513d,夜のライトアップ、もう少し遅くまでやってくれると助かる。 どう思いますか？,意見・要望
51874c31e7c0,備忘録：関西空港からのリムジンバスの時刻表が改正されました。 詳しくは後ほど。,情報提供
f15d95e4f34e,速報：非常食のアルファ米を試食してみたら意外とおいしかった。 どう思いますか？,体験・感想
6866971a36a6,子どもと一緒にハザードマップを見て避難経路を歩いてみた。 みんなも気をつけて。,体験・感想
da7d4100900b,速報：神戸の中華街で食べ歩き。豚まんが最高だった。 これは大事。,体験・感想
9de59a8e5305,画像生成AIで旅行の思い出をイラストにしてみた。意外とそれっぽい。 #生成AI,体験・感想
e5359069b84b,備忘録：キャッシュレス対応していない店が多くて外国人観光客が困っていた。,意見・要望
f20fa8235a86,備忘録：初めて姫路城に行った。白くて本当にきれいだった。 詳しくは後ほど。,体験・感想
92ae79b3ecb3,【メモ】AIの回答をそのまま提出する学生が増えている。課題の出し方を変えるべきだと思う。 #生成AI,意見・要望
e6ef69c43173,気になった。非常用持ち出し袋の中身リスト：水、食料、モバイルバッテリー、常備薬、懐中電灯。 みんなも気をつけて。,情報提供
19241b66793b,今日の話題。大雨警報が発表されました。川の近くには近づかないでください。 これは大事。,情報提供
bac4ace0b292,今日の話題。プログラミングの補助にAIを使う企業が増えているという調査結果。 これは大事。,情報提供
1854fd981724,備忘録：【告知】秋の特別拝観が始まります。期間限定で庭園を公開。 #生成AI,宣伝・告知
4081705b7dda,防災士の資格講座の受講生を募集しています。締切は今月末です。,宣伝・告知
b077377ce088,ちょっと共有。高齢者の避難をどう支援するか、地域で真剣に考えるべきだと思う。 みんなも気をつけて。,意見・要望
8f3126821336,速報：大雨で川の水位がすごいことになっていた。早めに帰って正解だった。,体験・感想
391b0ff1ab0f,防災士の資格講座の受講生を募集しています。締切は今月末です。,宣伝・告知
668f214c1c0b,避難所が開設されました。場所は市民体育館と小学校の体育館です。,情報提供
000ef16edc73,今日の話題。生成AIの著作権に関する文化庁の考え方が更新されました。,情報提供
0203862d04bd,速報：地震速報：震度4を観測。津波の心配はありません。 詳しくは後ほど。,情報提供
8d3b1bf07997,市民向け防災講演会を開催します。参加無料、要申込。 みんなも気をつけて。,宣伝・告知
0f8067ce3275,【メモ】生成AIの出力は必ず自分で検証する習慣をつけるべき。,意見・要望
3c986ed7a51e,気象庁が台風の進路予想を更新しました。近畿地方は明日夜から暴風域に入る見込みです。 #生成AI,情報提供
71f7689dbd02,ちょっと共有。【お知らせ】10月5日に地域防災フェアを開催します。起震車体験もあります。,宣伝・告知
4d04db4a4ba6,今日の話題。生成AIで作ったレポートを見抜くより、対話型の評価に変えたほうがいい。 #観光,意見・要望
b5462f6aeab0,生成AIに関する書籍を出版しました。書店で発売中。,宣伝・告知
9c6808390014,ハザードマップの色分けが分かりづらい。改善を希望します。 みんなも気をつけて。,意見・要望
1951e8c669dc,気になった。土砂災害警戒情報が出ています。斜面の近くにお住まいの方は早めの避難を。 #生成AI,情報提供
0c1a5800a5e4,備忘録：観光案内所で無料の多言語マップが配布されています。 これは大事。,情報提供
d84c6f1b010d,【メモ】研究室で生成AIの勉強会をやった。使い方が人によって全然違って面白い。 #生成AI,体験・感想
8383ae2016d1,避難所の案内が分かりにくい。看板をもっと増やしてほしい。,意見・要望
cfc57912f99b,速報：駅のコインロッカーが常に満杯。荷物預かり所を増やしてほしい。,意見・要望
3c872ac44e98,神戸の中華街で食べ歩き。豚まんが最高だった。,体験・感想
df96a23a0db2,【メモ】【セミナー】生成AI入門講座を開催します。初心者歓迎、オンライン参加可。,宣伝・告知
9c9b1d2abaad,備忘録：観光案内所で無料の多言語マップが配布されています。 これは大事。,情報提供
6efe2bf59883,【メモ】生成AIの電力消費が問題になっているという記事を読んだ。 #生成AI,情報提供
6a2c8d7b7340,今日の話題。プログラミングの補助にAIを使う企業が増えているという調査結果。,情報提供
05688af89bd6,ちょっと共有。観光案内所で無料の多言語マップが配布されています。,情報提供
24b8df6567cd,速報：観光地のゴミ箱が少なすぎる。オーバーツーリズム対策としてもっと設置してほしい。 #生成AI,意見・要望
a6519225b982,速報：避難所運営のボランティアに参加。段ボールベッドの組み立てが大変だった。,体験・感想
272a5a8fef72,備忘録：備蓄用の水は1人1日3リットルが目安だそうです。3日分で9リットル。,情報提供
6305848bbf66,防災士の資格講座の受講生を募集しています。締切は今月末です。,宣伝・告知
0dc0568fae76,画像生成AIで旅行の思い出をイラストにしてみた。意外とそれっぽい。 どう思いますか？,体験・感想
0f75ba8029fd,今日の話題。USJの入場者数が過去最高を更新したそうです。,情報提供
6af7a2604a64,研究室で生成AIの勉強会をやった。使い方が人によって全然違って面白い。,体験・感想
823a37435681,地震速報：震度4を観測。津波の心配はありません。 みんなも気をつけて。,情報提供
0ad9b131bca0,今日の話題。神戸の中華街で食べ歩き。豚まんが最高だった。,体験・感想
775ce2dbd144,研究室で生成AIの勉強会をやった。使い方が人によって全然違って面白い。 #観光,体験・感想
4f11ec681a5c,ちょっと共有。防災無線が全然聞こえない。雨の音で何を言っているのか分からない。,意見・要望
ef59b72fdb3a,AI活用ハンドブックの改訂版を公開しました。ダウンロード無料。 みんなも気をつけて。,宣伝・告知
9e5da11e51d9,生成AIで作ったレポートを見抜くより、対話型の評価に変えたほうがいい。 #観光,意見・要望
9b8ba4069e18,【メモ】淡路島でサイクリング。海沿いの道が気持ちよかった。,体験・感想
62259d51eb6c,防災グッズ特集ページを公開しました。おすすめの非常用ライトを紹介中。 #生成AI,宣伝・告知
16c7ce7aba01,備忘録：生成AIで作った献立が意外とまともで助かった。 詳しくは後ほど。,体験・感想
cce0f9045bc7,昨日の地震、揺れが長くて怖かった。家具の固定を見直そうと思う。,体験・感想
a98c6d50f64a,今日の話題。【セミナー】生成AI入門講座を開催します。初心者歓迎、オンライン参加可。 どう思いますか？,宣伝・告知
9a4c582293ec,【メモ】【告知】秋の特別拝観が始まります。期間限定で庭園を公開。 #生成AI,宣伝・告知
be7271934a1c,避難所が開設されました。場所は市民体育館と小学校の体育館です。,情報提供
8b7aecde5fb7,今日の話題。夜のライトアップ、もう少し遅くまでやってくれると助かる。 #生成AI,意見・要望
57a08da9d5b7,ちょっと共有。防災グッズを買い足した。今年こそ備えをちゃんとする。 詳しくは後ほど。,体験・感想
78f8c93800d0,ちょっと共有。AIと英会話の練習をしている。恥ずかしくないのがいい。 詳しくは後ほど。,体験・感想
0f06afbccb8a,速報：AI利用のルールを学校ごとに決めるのは限界がある。国の指針がほしい。 これは大事。,意見・要望
03e87b7c1a17,【メモ】AIに仕事を奪われるという話より、どう使いこなすかを考えたい。 #生成AI,意見・要望
4e72f172ae71,【メモ】自治体の防災アプリで避難情報がプッシュ通知されます。インストールをおすすめします。,情報提供
c3a29169da10,気になった。自治体の防災アプリで避難情報がプッシュ通知されます。インストールをおすすめします。,情報提供
500b2b2499db,外国人向けに多言語の避難情報がもっと必要だと思います。 どう思いますか？,意見・要望
9f48c06ffdd2,【メモ】観光客のマナー問題、注意喚起だけでは限界があると思う。,意見・要望
fffca806c018,備蓄用の水は1人1日3リットルが目安だそうです。3日分で9リットル。 どう思いますか？,情報提供
b3670338880e,ちょっと共有。観光アプリでスタンプラリー実施中。景品はオリジナルグッズ。 どう思いますか？,宣伝・告知
8397db96c576,高齢者の避難をどう支援するか、地域で真剣に考えるべきだと思う。,意見・要望
11ff86800b37,【メモ】AI利用のルールを学校ごとに決めるのは限界がある。国の指針がほしい。,意見・要望
511666559ef6,ちょっと共有。生成AIの著作権に関する文化庁の考え方が更新されました。 詳しくは後ほど。,情報提供
b34d29e404d5,備蓄用の水は1人1日3リットルが目安だそうです。3日分で9リットル。 これは大事。,情報提供
12bd9cfabdd8,速報：備蓄用の水は1人1日3リットルが目安だそうです。3日分で9リットル。 #防災,情報提供
c3765393175e,今日の話題。生成AIを使った業務効率化ツールをリリースしました。無料トライアルあり。 みんなも気をつけて。,宣伝・告知
b43f8bf2d97c,備忘録：ペットと一緒に避難できる避難所を増やしてほしい。,意見・要望
071d8b0567cb,速報：温泉地の混雑予想カレンダーが公開されています。,情報提供
94fd359dd550,大阪城公園の桜、今週末が満開の予想です。周辺は交通規制があります。,情報提供
bcd37c0e89a3,気になった。防災無線が全然聞こえない。雨の音で何を言っているのか分からない。 みんなも気をつけて。,意見・要望
2e52639d7408,気になった。駅前の帰宅困難者対策、もっと周知したほうがいいのでは。 #防災,意見・要望
7b431f13e7f6,新しい画像生成モデルが発表されました。日本語の指示にも対応。 #生成AI,情報提供
6942fe79555b,今日の話題。駅のコインロッカーが常に満杯。荷物預かり所を増やしてほしい。 #生成AI,意見・要望
3d42e6780556,速報：【セミナー】生成AI入門講座を開催します。初心者歓迎、オンライン参加可。,宣伝・告知
73fafa91cf0b,学生向けAIハッカソンの参加者を募集中。賞金あり。 詳しくは後ほど。,宣伝・告知
42bad88dc7de,気になった。AIに仕事を奪われるという話より、どう使いこなすかを考えたい。 詳しくは後ほど。,意見・要望
e6163e585ea7,防災無線が全然聞こえない。雨の音で何を言っているのか分からない。 どう思いますか？,意見・要望
49352ed32418,備忘録：京都のバスが混みすぎて地元の人が乗れない。何とかしてほしい。 詳しくは後ほど。,意見・要望
f4e235fe2c58,防災無線が全然聞こえない。雨の音で何を言っているのか分からない。 どう思いますか？,意見・要望
f87699543ee6,新しい防災アプリをリリースしました。避難所の混雑状況が見られます。 これは大事。,宣伝・告知
cce087c936ed,速報：夜のライトアップ、もう少し遅くまでやってくれると助かる。 #生成AI,意見・要望
4d37ef956f81,気になった。AIが作った音楽が配信ランキングに入ったというニュース。 詳しくは後ほど。,情報提供
9de91b1aeff4,今日の話題。避難所の案内が分かりにくい。看板をもっと増やしてほしい。,意見・要望
6bea1ccb0a86,今日の話題。大雨警報が発表されました。川の近くには近づかないでください。 詳しくは後ほど。,情報提供
6f6f18aab17d,ちょっと共有。避難所運営のボランティアに参加。段ボールベッドの組み立てが大変だった。,体験・感想
346243f8b12a,観光地のゴミ箱が少なすぎる。オーバーツーリズム対策としてもっと設置してほしい。 これは大事。,意見・要望
8d3d4e12d8d5,ハザードマップの色分けが分かりづらい。改善を希望します。 これは大事。,意見・要望
6d5a463fbb0d,【メモ】外国人向けに多言語の避難情報がもっと必要だと思います。 みんなも気をつけて。,意見・要望
69214c49a671,【メモ】道頓堀でたこ焼き食べ歩き。どこも行列だったけど満足。 詳しくは後ほど。,体験・感想
04e7e7db05e5,ちょっと共有。生成AIを授業で使うときのガイドラインが大学から公開されました。,情報提供
12d925c9e104,気になった。USJの入場者数が過去最高を更新したそうです。 これは大事。,情報提供
1fead6c85fab,速報：停電時のスマホの節電方法をまとめました。低電力モードが有効です。,情報提供
23cf89ffb629,気になった。生成AIにプログラムのエラー原因を説明してもらったら、すごく学習しやすかった。,体験・感想
eaeed68cfced,【メモ】観光客のマナー問題、注意喚起だけでは限界があると思う。 #観光,意見・要望
cfbd8676a1a4,今日の話題。キャッシュレス対応していない店が多くて外国人観光客が困っていた。 どう思いますか？,意見・要望
fe482a963c9c,初めて姫路城に行った。白くて本当にきれいだった。 これは大事。,体験・感想
fd80d6b9571e,今日の話題。USJの入場者数が過去最高を更新したそうです。 みんなも気をつけて。,情報提供
5ac87fc454e3,備忘録：国内企業の生成AI導入率は約4割とのこと。 #防災,情報提供
2d77eda39c1e,備忘録：非常食セットが期間限定で20%オフ。備蓄の見直しにどうぞ。 #防災,宣伝・告知
ef23d78d31f7,有馬温泉に日帰りで行ってきた。金泉の色にびっくり。,体験・感想
908130ffa766,ちょっと共有。宿泊プラン「紅葉と温泉」の予約受付を開始しました。 #生成AI,宣伝・告知
208f44c13046,備忘録：神戸の夜景スポットまとめ。摩耶山掬星台は無料で見られます。,情報提供
8484a9b54ff3,今日の話題。高校でも生成AIの授業をやるべきだと思う。 これは大事。,意見・要望
579367be34cb,有馬温泉に日帰りで行ってきた。金泉の色にびっくり。 どう思いますか？,体験・感想
1cca1a3bdb23,備忘録：画像生成AIで旅行の思い出をイラストにしてみた。意外とそれっぽい。 #観光,体験・感想
1e422e13e48a,【メモ】AIに仕事を奪われるという話より、どう使いこなすかを考えたい。 #観光,意見・要望
2b05e5ef5137,速報：奈良で鹿にせんべいをあげた。思ったより積極的で笑った。 これは大事。,体験・感想
e4466897c6fa,防災訓練が平日昼間ばかりで、働いている人が参加できないのはどうかと思う。,意見・要望
4f533d0b9fe9,ちょっと共有。ペットと一緒に避難できる避難所を増やしてほしい。 みんなも気をつけて。,意見・要望
43b69478f228,速報：AI利用のルールを学校ごとに決めるのは限界がある。国の指針がほしい。 どう思いますか？,意見・要望
50c338314fde,新しい画像生成モデルが発表されました。日本語の指示にも対応。 これは大事。,情報提供
ddeb9b7fd5e9,備忘録：AIの回答をそのまま提出する学生が増えている。課題の出し方を変えるべきだと思う。,意見・要望
87c4df60edb6,今日の話題。停電を経験して、モバイルバッテリーの大切さを痛感した。 みんなも気をつけて。,体験・感想
56293334491e,【メモ】有名な観光地ばかり宣伝せずに、地方の穴場ももっと紹介してほしい。,意見・要望
c445d33cd202,防災グッズを買い足した。今年こそ備えをちゃんとする。,体験・感想
e5e909058014,ちょっと共有。新しい防災アプリをリリースしました。避難所の混雑状況が見られます。,宣伝・告知
cd61c77a3f72,AIに数学の問題を解かせたら途中で計算間違いをしていた。 #防災,体験・感想
496915926530,【メモ】観光周遊バスの一日乗車券が新登場。主要スポットを巡れます。 どう思いますか？,宣伝・告知
e3c1a31f42bc,AIの回答は自信満々に間違うことがあるので、鵜呑みにするのは危険。 これは大事。,意見・要望
cc61a6a26e83,速報：AIに仕事を奪われるという話より、どう使いこなすかを考えたい。 #生成AI,意見・要望
fb880700892a,非常食セットが期間限定で20%オフ。備蓄の見直しにどうぞ。,宣伝・告知
192c55b57466,国内企業の生成AI導入率は約4割とのこと。,情報提供
b6faf2e90f9b,今日の話題。観光地の案内表示、英語だけでなく中国語や韓国語も必要だと思う。 詳しくは後ほど。,意見・要望
91fe73388aad,速報：神戸の夜景スポットまとめ。摩耶山掬星台は無料で見られます。 みんなも気をつけて。,情報提供
ad23210c7fb1,ちょっと共有。画像生成AIの使い方講座、動画を公開しました。,宣伝・告知
9ca30118eeba,AIと英会話の練習をしている。恥ずかしくないのがいい。,体験・感想
90909e69d1a0,備忘録：外国人向けに多言語の避難情報がもっと必要だと思います。 どう思いますか？,意見・要望
9d2ee12d5908,ちょっと共有。夜のライトアップ、もう少し遅くまでやってくれると助かる。,意見・要望
e343d120febc,観光周遊バスの一日乗車券が新登場。主要スポットを巡れます。,宣伝・告知
ca9111a6a79c,【メモ】英語のメールをAIに添削してもらったら表現が自然になった。 詳しくは後ほど。,体験・感想
6446cf7640b2,備忘録：嵐山の竹林を早朝に歩いてきた。人が少なくて最高だった。,体験・感想
b94c7b601c95,気になった。道頓堀でたこ焼き食べ歩き。どこも行列だったけど満足。 みんなも気をつけて。,体験・感想
7ff8f52538c3,ちょっと共有。奈良で鹿にせんべいをあげた。思ったより積極的で笑った。 どう思いますか？,体験・感想
d2bf55e4e7f5,気になった。非常食のアルファ米を試食してみたら意外とおいしかった。 みんなも気をつけて。,体験・感想
bc5300819bbc,気になった。宿泊プラン「紅葉と温泉」の予約受付を開始しました。,宣伝・告知
5819775a044e,AIチャットの無料枠が変更されるそうです。利用条件を確認しましょう。 #防災,情報提供
b858b7947604,速報：キャッシュレス対応していない店が多くて外国人観光客が困っていた。,意見・要望
69b57301458c,速報：画像生成AIの学習データの扱い、もっと透明性が必要だと思う。,意見・要望
e8361bca2dfe,ちょっと共有。防災グッズを買い足した。今年こそ備えをちゃんとする。,体験・感想
a1f27aa33660,避難所運営のボランティアに参加。段ボールベッドの組み立てが大変だった。 #防災,体験・感想
7b6d5dd54296,速報：天橋立の展望台から股のぞきをしてきた。噂通りの絶景。,体験・感想
ede9ae4cdbc2,奈良公園へのアクセスは近鉄奈良駅から徒歩5分です。,情報提供
adaf065d358f,レポートの構成をAIに相談してみた。アイデア出しには便利。 #防災,体験・感想
bc488202113b,ペットと一緒に避難できる避難所を増やしてほしい。 #生成AI,意見・要望
7df57ccd6d77,大雨で川の水位がすごいことになっていた。早めに帰って正解だった。 これは大事。,体験・感想
300d7092f450,駅のコインロッカーが常に満杯。荷物預かり所を増やしてほしい。,意見・要望
506640726c43,関西空港からのリムジンバスの時刻表が改正されました。 #観光,情報提供
1e964070a279,訪日観光客数が月間で過去最多を記録しました。 これは大事。,情報提供
ae6ae00d40ff,ちょっと共有。初めて姫路城に行った。白くて本当にきれいだった。 どう思いますか？,体験・感想
086be8288ab7,今日の話題。姫路城の入場料が改定されます。詳細は公式サイトで。 これは大事。,情報提供
352d2b8bf106,【メモ】避難所が開設されました。場所は市民体育館と小学校の体育館です。 #防災,情報提供
8a116ecf58b8,防災グッズを買い足した。今年こそ備えをちゃんとする。,体験・感想
68ab939a355f,有馬温泉に日帰りで行ってきた。金泉の色にびっくり。 #観光,体験・感想
6bf701f4fe38,ちょっと共有。夜景クルーズの秋便を運航中。予約はウェブサイトから。 #観光,宣伝・告知
7b048e4bc9b5,防災訓練が平日昼間ばかりで、働いている人が参加できないのはどうかと思う。 #生成AI,意見・要望
090d49217e38,画像生成AIの学習データの扱い、もっと透明性が必要だと思う。 詳しくは後ほど。,意見・要望
e4ae7bfa1220,今日の話題。土砂災害警戒情報が出ています。斜面の近くにお住まいの方は早めの避難を。 みんなも気をつけて。,情報提供
e5ac85d94360,英語のメールをAIに添削してもらったら表現が自然になった。 みんなも気をつけて。,体験・感想
546f1f6eefe5,今日の話題。大雨警報が発表されました。川の近くには近づかないでください。,情報提供
821aaf615482,ちょっと共有。レポートの構成をAIに相談してみた。アイデア出しには便利。 どう思いますか？,体験・感想
16571fd644a3,気になった。地域の防災訓練に参加してきた。消火器の使い方を初めて体験した。 これは大事。,体験・感想
17df20338399,道頓堀でたこ焼き食べ歩き。どこも行列だったけど満足。 #観光,体験・感想
961260b7b990,昨日の地震、揺れが長くて怖かった。家具の固定を見直そうと思う。,体験・感想
d523a259c407,プログラミングの補助にAIを使う企業が増えているという調査結果。 #生成AI,情報提供
bbeb14e5cce3,画像生成AIの使い方講座、動画を公開しました。 これは大事。,宣伝・告知
8564f781abc7,訪日観光客数が月間で過去最多を記録しました。,情報提供
c8b95c0b930a,備忘録：レポートの構成をAIに相談してみた。アイデア出しには便利。,体験・感想
13bdfaef8979,今日の話題。気象庁が台風の進路予想を更新しました。近畿地方は明日夜から暴風域に入る見込みです。 みんなも気をつけて。,情報提供
39735c0a912e,備忘録：外国人向けに多言語の避難情報がもっと必要だと思います。 どう思いますか？,意見・要望
59defa7d87b0,プログラミングの補助にAIを使う企業が増えているという調査結果。 詳しくは後ほど。,情報提供
47dd57ed52bc,ちょっと共有。AIが生成した文章かどうかを判定するツールの精度が話題になっています。 #防災,情報提供
4882bd846165,生成AIの著作権に関する文化庁の考え方が更新されました。 #生成AI,情報提供
46e41731294e,キャッシュレス対応していない店が多くて外国人観光客が困っていた。 #生成AI,意見・要望
90012b226b08,【メモ】姫路城の入場料が改定されます。詳細は公式サイトで。 みんなも気をつけて。,情報提供
dcf1a36de648,ちょっと共有。AIに数学の問題を解かせたら途中で計算間違いをしていた。 みんなも気をつけて。,体験・感想
54b63a546fe7,速報：駅のコインロッカーが常に満杯。荷物預かり所を増やしてほしい。,意見・要望
37e6a4a529b3,気になった。地域の防災訓練に参加してきた。消火器の使い方を初めて体験した。,体験・感想
484f5e895253,ちょっと共有。観光アプリでスタンプラリー実施中。景品はオリジナルグッズ。 #観光,宣伝・告知
59a8eeb9de8c,AI活用ハンドブックの改訂版を公開しました。ダウンロード無料。 どう思いますか？,宣伝・告知
23dc1f977dc9,【メモ】停電を経験して、モバイルバッテリーの大切さを痛感した。,体験・感想
f8a4dc27b2df,今日の話題。夜景クルーズの秋便を運航中。予約はウェブサイトから。 これは大事。,宣伝・告知
f849ad417747,今日の話題。神戸の夜景スポットまとめ。摩耶山掬星台は無料で見られます。,情報提供
e8fa9ec0c673,生成AIで作ったレポートを見抜くより、対話型の評価に変えたほうがいい。,意見・要望
bf1dd2a40cda,AIチャットの無料枠が変更されるそうです。利用条件を確認しましょう。,情報提供
dd3b25ddb24b,速報：生成AIの出力は必ず自分で検証する習慣をつけるべき。 どう思いますか？,意見・要望
934b90620a72,USJの入場者数が過去最高を更新したそうです。 これは大事。,情報提供
bed9c015350b,京都のバスが混みすぎて地元の人が乗れない。何とかしてほしい。 詳しくは後ほど。,意見・要望
0f575720c01a,備忘録：非常食のアルファ米を試食してみたら意外とおいしかった。,体験・感想
c90bba018cb3,【メモ】温泉地の混雑予想カレンダーが公開されています。,情報提供
1dc7660aeb85,AIが作った音楽が配信ランキングに入ったというニュース。,情報提供
161de15abb54,大阪城公園の桜、今週末が満開の予想です。周辺は交通規制があります。 #生成AI,情報提供
2a2346f51e72,【メモ】嵐山の竹林を早朝に歩いてきた。人が少なくて最高だった。 詳しくは後ほど。,体験・感想
95ba295dbcae,今日の話題。AIチャットの無料枠が変更されるそうです。利用条件を確認しましょう。,情報提供
4a7c68793496,生成AIで作った献立が意外とまともで助かった。 詳しくは後ほど。,体験・感想
fcb9d63d7e77,速報：【お知らせ】10月5日に地域防災フェアを開催します。起震車体験もあります。,宣伝・告知
3cfe6653afaa,姫路城の入場料が改定されます。詳細は公式サイトで。 どう思いますか？,情報提供
5e01da85cac0,速報：大学の講義で生成AIの活用事例が紹介されました。 #防災,情報提供
8192700c9ad8,今日の話題。【告知】秋の特別拝観が始まります。期間限定で庭園を公開。,宣伝・告知
582379222dac,気になった。停電時のスマホの節電方法をまとめました。低電力モードが有効です。 みんなも気をつけて。,情報提供
2d0c1b46da46,速報：嵐山の竹林を早朝に歩いてきた。人が少なくて最高だった。 詳しくは後ほど。,体験・感想
7a827645e402,気になった。駅前の帰宅困難者対策、もっと周知したほうがいいのでは。 #防災,意見・要望
e7f02f8b25b3,非常用持ち出し袋の中身リスト：水、食料、モバイルバッテリー、常備薬、懐中電灯。 どう思いますか？,情報提供
adeba006b28c,備忘録：画像生成AIの学習データの扱い、もっと透明性が必要だと思う。 詳しくは後ほど。,意見・要望
deec8d5f71af,防災グッズ特集ページを公開しました。おすすめの非常用ライトを紹介中。 #生成AI,宣伝・告知
df33ba3bf8f7,備忘録：AIの回答は自信満々に間違うことがあるので、鵜呑みにするのは危険。,意見・要望
63f75c094c87,速報：停電時のスマホの節電方法をまとめました。低電力モードが有効です。 #生成AI,情報提供
8050e319b205,気になった。昨日の地震、揺れが長くて怖かった。家具の固定を見直そうと思う。,体験・感想
e2efe009d43a,今日の話題。避難所の案内が分かりにくい。看板をもっと増やしてほしい。 これは大事。,意見・要望
6f4ca0ecdfab,ちょっと共有。大学の講義で生成AIの活用事例が紹介されました。 詳しくは後ほど。,情報提供
ac0ea17493dc,気象庁が台風の進路予想を更新しました。近畿地方は明日夜から暴風域に入る見込みです。 #生成AI,情報提供
0912606a7bc0,生成AIで作った献立が意外とまともで助かった。,体験・感想
1567d88fa520,ちょっと共有。高齢者の避難をどう支援するか、地域で真剣に考えるべきだと思う。 これは大事。,意見・要望
c4c2de56564c,速報：AI活用ハンドブックの改訂版を公開しました。ダウンロード無料。 詳しくは後ほど。,宣伝・告知
83fe57727e1e,自治体の防災アプリで避難情報がプッシュ通知されます。インストールをおすすめします。 どう思いますか？,情報提供
f3f1ccb2498a,気になった。市民向け防災講演会を開催します。参加無料、要申込。,宣伝・告知
1d403d2474ac,今日の話題。新しい防災アプリをリリースしました。避難所の混雑状況が見られます。,宣伝・告知
f0c543b2b586,【メモ】AIと英会話の練習をしている。恥ずかしくないのがいい。 詳しくは後ほど。,体験・感想
255894235fc8,今日の話題。奈良で鹿にせんべいをあげた。思ったより積極的で笑った。 詳しくは後ほど。,体験・感想
f1e1a6ed7732,今日の話題。AIチャットの無料枠が変更されるそうです。利用条件を確認しましょう。 #観光,情報提供
9ccaa67f5b2a,速報：淡路島でサイクリング。海沿いの道が気持ちよかった。 みんなも気をつけて。,体験・感想
a0dbd59e6663,生成AIにプログラムのエラー原因を説明してもらったら、すごく学習しやすかった。,体験・感想
c17f2c38448d,備忘録：気象庁が台風の進路予想を更新しました。近畿地方は明日夜から暴風域に入る見込みです。 #防災,情報提供
c4e914089de7,【メモ】高校でも生成AIの授業をやるべきだと思う。 どう思いますか？,意見・要望
a5f602135fae,気になった。大雨警報が発表されました。川の近くには近づかないでください。,情報提供
f7d5c3058cd6,ちょっと共有。生成AIにプログラムのエラー原因を説明してもらったら、すごく学習しやすかった。 どう思いますか？,体験・感想
19c686c784a7,生成AIにプログラムのエラー原因を説明してもらったら、すごく学習しやすかった。 #防災,体験・感想
81495d4f9e44,市のハザードマップが更新されています。自宅の浸水想定区域を確認しておきましょう。 これは大事。,情報提供
471dfc6cf947,関西空港からのリムジンバスの時刻表が改正されました。 どう思いますか？,情報提供
99c4cf9da8d5,気になった。停電を経験して、モバイルバッテリーの大切さを痛感した。 どう思いますか？,体験・感想
8d0080c3e340,速報：観光アプリでスタンプラリー実施中。景品はオリジナルグッズ。 これは大事。,宣伝・告知
da6080d1f3df,奈良で鹿にせんべいをあげた。思ったより積極的で笑った。,体験・感想
6e6b25a0a8e9,今日の話題。ハザードマップの色分けが分かりづらい。改善を希望します。,意見・要望
e372499bb7d6,気になった。高齢者の避難をどう支援するか、地域で真剣に考えるべきだと思う。,意見・要望
dbaac962faa7,気になった。温泉地の混雑予想カレンダーが公開されています。 みんなも気をつけて。,情報提供
45ca77eab40c,速報：AIが生成した文章かどうかを判定するツールの精度が話題になっています。 みんなも気をつけて。,情報提供
ba774fcaea8f,気になった。AIが生成した文章かどうかを判定するツールの精度が話題になっています。 みんなも気をつけて。,情報提供
4911830cf2ca,備忘録：AIが作った音楽が配信ランキングに入ったというニュース。,情報提供
4c74e14a3c42,有名な観光地ばかり宣伝せずに、地方の穴場ももっと紹介してほしい。 詳しくは後ほど。,意見・要望
5ac93f5f5d4b,大学の講義で生成AIの活用事例が紹介されました。 どう思いますか？,情報提供
36d3a755613c,気になった。地元グルメが集まるフードフェスを開催します。入場無料。 これは大事。,宣伝・告知
c007093860be,ハザードマップの色分けが分かりづらい。改善を希望します。 これは大事。,意見・要望
849d204c8ff0,速報：大阪城公園の桜、今週末が満開の予想です。周辺は交通規制があります。,情報提供
7f4711de8429,【メモ】神戸の夜景スポットまとめ。摩耶山掬星台は無料で見られます。 #観光,情報提供
a437a39746be,AIに数学の問題を解かせたら途中で計算間違いをしていた。 これは大事。,体験・感想
9b365e2b896b,奈良公園へのアクセスは近鉄奈良駅から徒歩5分です。 これは大事。,情報提供
5d88e698e788,速報：初めて姫路城に行った。白くて本当にきれいだった。 どう思いますか？,体験・感想
a0264eb6b053,AIが生成した文章かどうかを判定するツールの精度が話題になっています。 #防災,情報提供
5db5d6b0fc4b,【メモ】地域の防災訓練に参加してきた。消火器の使い方を初めて体験した。 これは大事。,体験・感想
58efa4a41974,ちょっと共有。地元グルメが集まるフードフェスを開催します。入場無料。,宣伝・告知
3e8ee7b06083,備忘録：土砂災害警戒情報が出ています。斜面の近くにお住まいの方は早めの避難を。,情報提供
