post_uri,post_id,author_handle,author_id,author_name,created_at,text,langs,is_japanese,like_count,repost_count,reply_count,quote_count,image_count,image_urls,image_thumbs,image_alts,video_thumb,external_url,external_title,query
at://did:plc:synthetic00104/app.bsky.feed.post/000104,a1f27aa33660,user029.example.invalid,abe924ab6980,user029,2026-09-09T02:53:31Z,避難所運営のボランティアに参加。段ボールベッドの組み立てが大変だった。 #防災,ja,True,0,0,0,0,0,,,,,,,防災
at://did:plc:synthetic00210/app.bsky.feed.post/000210,9ccaa67f5b2a,user090.example.invalid,c8653577f0b7,user090,2026-09-15T05:54:52Z,速報：淡路島でサイクリング。海沿いの道が気持ちよかった。 みんなも気をつけて。,ja,True,18,5,1,1,1,,,,,,,観光
at://did:plc:synthetic00296/app.bsky.feed.post/000296,42bad88dc7de,user084.example.invalid,cd965149dce2,user084,2026-09-17T12:23:48Z,気になった。AIに仕事を奪われるという話より、どう使いこなすかを考えたい。 詳しくは後ほど。,ja,True,2,0,0,0,0,,,,,,,生成AI
at://did:plc:synthetic00080/app.bsky.feed.post/000080,cce0f9045bc7,user061.example.invalid,c8a93fa8aeb0,user061,2026-09-10T05:02:56Z,昨日の地震、揺れが長くて怖かった。家具の固定を見直そうと思う。,ja,True,3,0,0,0,1,,,,,,,防災
at://did:plc:synthetic00070/app.bsky.feed.post/000070,8d3d4e12d8d5,user081.example.invalid,866c33d5ef3f,user081,2026-09-12T03:32:44Z,ハザードマップの色分けが分かりづらい。改善を希望します。 これは大事。,ja,True,13,4,0,1,2,,,,,,,防災
at://did:plc:synthetic00256/app.bsky.feed.post/000256,a0264eb6b053,user035.example.invalid,fe68a842047a,user035,2026-09-18T11:27:57Z,AIが生成した文章かどうかを判定するツールの精度が話題になっています。 #防災,ja,True,3,1,0,0,0,,,,,,,生成AI
at://did:plc:synthetic00147/app.bsky.feed.post/000147,76ae7cd27ce2,user103.example.invalid,604f489f69bf,user103,2026-09-11T23:58:53Z,訪日観光客数が月間で過去最多を記録しました。 #観光,ja,True,2,0,0,0,0,,,,,,,観光
at://did:plc:synthetic00084/app.bsky.feed.post/000084,0f575720c01a,user032.example.invalid,a0935cbc1ed0,user032,2026-09-15T11:39:44Z,備忘録：非常食のアルファ米を試食してみたら意外とおいしかった。,ja,True,0,0,0,0,1,,,,,,,防災
at://did:plc:synthetic00212/app.bsky.feed.post/000212,579367be34cb,user024.example.invalid,b81a1e406c5e,user024,2026-09-14T23:55:50Z,有馬温泉に日帰りで行ってきた。金泉の色にびっくり。 どう思いますか？,ja,True,6,1,1,0,0,,,,,,,観光
at://did:plc:synthetic00140/app.bsky.feed.post/000140,51874c31e7c0,user027.example.invalid,5ad093b864b6,user027,2026-09-16T05:07:36Z,備忘録：関西空港からのリムジンバスの時刻表が改正されました。 詳しくは後ほど。,ja,True,3,1,0,0,1,,,,,,,観光
at://did:plc:synthetic00293/app.bsky.feed.post/000293,03e87b7c1a17,user098.example.invalid,96744422361c,user098,2026-09-16T03:17:05Z,【メモ】AIに仕事を奪われるという話より、どう使いこなすかを考えたい。 #生成AI,ja,True,2,0,0,0,0,,,,,,,生成AI
at://did:plc:synthetic00081/app.bsky.feed.post/000081,f15d95e4f34e,user040.example.invalid,7b148fd607d9,user040,2026-09-12T01:52:38Z,速報：非常食のアルファ米を試食してみたら意外とおいしかった。 どう思いますか？,ja,True,0,0,0,0,1,,,,,,,防災
at://did:plc:synthetic00218/app.bsky.feed.post/000218,2b05e5ef5137,user009.example.invalid,e3adc91f1de6,user009,2026-09-19T11:00:54Z,速報：奈良で鹿にせんべいをあげた。思ったより積極的で笑った。 これは大事。,ja,True,5,1,0,0,0,,,,,,,観光
at://did:plc:synthetic00322/app.bsky.feed.post/000322,442f2cbcd55f,user092.example.invalid,0f98a0eef697,user092,2026-09-20T07:00:32Z,今日の話題。レポートの構成をAIに相談してみた。アイデア出しには便利。 詳しくは後ほど。,ja,True,1,0,0,0,0,,,,,,,生成AI
at://did:plc:synthetic00090/app.bsky.feed.post/000090,89ee1ea2ecb6,user007.example.invalid,5b7f93ad9746,user007,2026-09-20T04:49:43Z,備忘録：子どもと一緒にハザードマップを見て避難経路を歩いてみた。 #防災,ja,True,1,0,0,0,1,,,,,,,防災
at://did:plc:synthetic00343/app.bsky.feed.post/000343,97c5b91a51d1,user105.example.invalid,97727a674749,user105,2026-09-10T23:38:33Z,AIと英会話の練習をしている。恥ずかしくないのがいい。 #生成AI,ja,True,2,0,0,0,0,,,,,,,生成AI
at://did:plc:synthetic00176/app.bsky.feed.post/000176,cd8f0f4a513d,user001.example.invalid,c23162ffc1a5,user001,2026-09-11T07:44:45Z,夜のライトアップ、もう少し遅くまでやってくれると助かる。 どう思いますか？,ja,True,3,0,0,0,0,,,,,,,観光
at://did:plc:synthetic00264/app.bsky.feed.post/000264,d523a259c407,user050.example.invalid,dbe814fcc309,user050,2026-09-09T06:55:27Z,プログラミングの補助にAIを使う企業が増えているという調査結果。 #生成AI,ja,True,1,0,0,0,1,,,,,,,生成AI
at://did:plc:synthetic00289/app.bsky.feed.post/000289,dd3b25ddb24b,user074.example.invalid,e9f22237e35e,user074,2026-09-11T00:59:07Z,速報：生成AIの出力は必ず自分で検証する習慣をつけるべき。 どう思いますか？,ja,True,8,2,0,0,0,,,,,,,生成AI
at://did:plc:synthetic00287/app.bsky.feed.post/000287,ddeb9b7fd5e9,user102.example.invalid,f871463bc4cb,user102,2026-09-07T10:18:29Z,備忘録：AIの回答をそのまま提出する学生が増えている。課題の出し方を変えるべきだと思う。,ja,True,5,2,0,0,0,,,,,,,生成AI
at://did:plc:synthetic00333/app.bsky.feed.post/000333,cd61c77a3f72,user008.example.invalid,831b8c438fd7,user008,2026-09-19T10:55:35Z,AIに数学の問題を解かせたら途中で計算間違いをしていた。 #防災,ja,True,5,1,0,0,2,,,,,,,生成AI
at://did:plc:synthetic00060/app.bsky.feed.post/000060,363343d162d8,user101.example.invalid,46b5b8fd85aa,user101,2026-09-11T16:45:36Z,ちょっと共有。防災訓練が平日昼間ばかりで、働いている人が参加できないのはどうかと思う。 詳しくは後ほど。,ja,True,8,1,1,0,0,,,,,,,防災
at://did:plc:synthetic00279/app.bsky.feed.post/000279,4d37ef956f81,user008.example.invalid,831b8c438fd7,user008,2026-09-10T04:39:06Z,気になった。AIが作った音楽が配信ランキングに入ったというニュース。 詳しくは後ほど。,ja,True,11,2,2,0,0,,,,,,,生成AI
at://did:plc:synthetic00203/app.bsky.feed.post/000203,ae6ae00d40ff,user013.example.invalid,67d2edfc7f83,user013,2026-09-17T08:08:39Z,ちょっと共有。初めて姫路城に行った。白くて本当にきれいだった。 どう思いますか？,ja,True,0,0,0,0,0,,,,,,,観光
at://did:plc:synthetic00156/app.bsky.feed.post/000156,c90bba018cb3,user004.example.invalid,ef892ecf414a,user004,2026-09-13T08:00:55Z,【メモ】温泉地の混雑予想カレンダーが公開されています。,ja,True,15,4,1,0,0,,,,,,,観光
at://did:plc:synthetic00118/app.bsky.feed.post/000118,f1499e8927b4,user068.example.invalid,fed64a20d8c3,user068,2026-09-12T11:22:59Z,ちょっと共有。非常食セットが期間限定で20%オフ。備蓄の見直しにどうぞ。,ja,True,2,0,0,0,0,,,,,,,防災
at://did:plc:synthetic00310/app.bsky.feed.post/000310,e3c1a31f42bc,user102.example.invalid,f871463bc4cb,user102,2026-09-11T03:25:42Z,AIの回答は自信満々に間違うことがあるので、鵜呑みにするのは危険。 これは大事。,ja,True,14,3,3,0,0,,,,,,,生成AI
at://did:plc:synthetic00251/app.bsky.feed.post/000251,57cad012abc2,user095.example.invalid,2862e2a54023,user095,2026-09-16T14:18:33Z,ちょっと共有。新しい画像生成モデルが発表されました。日本語の指示にも対応。 どう思いますか？,ja,True,3,0,0,0,0,,,,,,,生成AI
at://did:plc:synthetic00327/app.bsky.feed.post/000327,1cca1a3bdb23,user071.example.invalid,6e0d16c9883d,user071,2026-09-15T00:56:18Z,備忘録：画像生成AIで旅行の思い出をイラストにしてみた。意外とそれっぽい。 #観光,ja,True,4,0,0,0,2,,,,,,,生成AI
at://did:plc:synthetic00204/app.bsky.feed.post/000204,5d88e698e788,user066.example.invalid,57160d58360f,user066,2026-09-18T21:00:40Z,速報：初めて姫路城に行った。白くて本当にきれいだった。 どう思いますか？,ja,True,9,1,0,0,4,,,,,,,観光
at://did:plc:synthetic00172/app.bsky.feed.post/000172,21b669129d7c,user050.example.invalid,dbe814fcc309,user050,2026-09-09T23:35:04Z,観光地の案内表示、英語だけでなく中国語や韓国語も必要だと思う。 #観光,ja,True,66,30,12,6,0,,,,,,,観光
at://did:plc:synthetic00291/app.bsky.feed.post/000291,0f1e17cce515,user089.example.invalid,ae59ea436e1a,user089,2026-09-16T08:37:12Z,速報：生成AIの出力は必ず自分で検証する習慣をつけるべき。,ja,True,5,1,1,0,2,,,,,,,生成AI
at://did:plc:synthetic00105/app.bsky.feed.post/000105,fcb9d63d7e77,user104.example.invalid,bbc790b0d9bf,user104,2026-09-09T20:05:04Z,速報：【お知らせ】10月5日に地域防災フェアを開催します。起震車体験もあります。,ja,True,2,0,0,0,1,,,,,,,防災
at://did:plc:synthetic00209/app.bsky.feed.post/000209,ef56e2061988,user043.example.invalid,16862a35fe0d,user043,2026-09-11T09:05:46Z,今日の話題。淡路島でサイクリング。海沿いの道が気持ちよかった。 #生成AI,ja,True,9,0,1,0,0,,,,,,,観光
at://did:plc:synthetic00046/app.bsky.feed.post/000046,e6163e585ea7,user010.example.invalid,7f7e89b08036,user010,2026-09-12T08:27:40Z,防災無線が全然聞こえない。雨の音で何を言っているのか分からない。 どう思いますか？,ja,True,5,2,0,0,0,,,,,,,防災
at://did:plc:synthetic00085/app.bsky.feed.post/000085,87c4df60edb6,user048.example.invalid,bea85fdef708,user048,2026-09-10T05:29:22Z,今日の話題。停電を経験して、モバイルバッテリーの大切さを痛感した。 みんなも気をつけて。,ja,True,3,1,0,0,0,,,,,,,防災
at://did:plc:synthetic00312/app.bsky.feed.post/000312,fa65de0e100c,user023.example.invalid,e33d8820772d,user023,2026-09-14T22:18:17Z,今日の話題。AIの回答は自信満々に間違うことがあるので、鵜呑みにするのは危険。,ja,True,3,0,0,0,0,,,,,,,生成AI
at://did:plc:synthetic00332/app.bsky.feed.post/000332,c8d826b14821,user016.example.invalid,9c11e7938e1e,user016,2026-09-11T23:58:28Z,【メモ】英語のメールをAIに添削してもらったら表現が自然になった。,ja,True,4,0,1,0,1,,,,,,,生成AI
at://did:plc:synthetic00052/app.bsky.feed.post/000052,b077377ce088,user112.example.invalid,8115107b4b4a,user112,2026-09-17T11:48:45Z,ちょっと共有。高齢者の避難をどう支援するか、地域で真剣に考えるべきだと思う。 みんなも気をつけて。,ja,True,1,0,0,0,0,,,,,,,防災
at://did:plc:synthetic00308/app.bsky.feed.post/000308,9e5da11e51d9,user085.example.invalid,d21b863e608c,user085,2026-09-16T08:48:39Z,生成AIで作ったレポートを見抜くより、対話型の評価に変えたほうがいい。 #観光,ja,True,1,0,0,0,0,,,,,,,生成AI
at://did:plc:synthetic00224/app.bsky.feed.post/000224,da7d4100900b,user084.example.invalid,cd965149dce2,user084,2026-09-07T10:41:37Z,速報：神戸の中華街で食べ歩き。豚まんが最高だった。 これは大事。,ja,True,0,0,0,0,1,,,,,,,観光
at://did:plc:synthetic00361/app.bsky.feed.post/000361,ad23210c7fb1,user090.example.invalid,c8653577f0b7,user090,2026-09-11T08:16:29Z,ちょっと共有。画像生成AIの使い方講座、動画を公開しました。,ja,True,8,3,0,0,0,,,,,,,生成AI
at://did:plc:synthetic00282/app.bsky.feed.post/000282,5ac93f5f5d4b,user055.example.invalid,d89955edcd4b,user055,2026-09-10T13:44:09Z,大学の講義で生成AIの活用事例が紹介されました。 どう思いますか？,ja,True,3,1,0,0,0,,,,,,,生成AI
at://did:plc:synthetic00258/app.bsky.feed.post/000258,511666559ef6,user005.example.invalid,beaa651892ab,user005,2026-09-20T01:08:36Z,ちょっと共有。生成AIの著作権に関する文化庁の考え方が更新されました。 詳しくは後ほど。,ja,True,1,0,0,0,0,,,,,,,生成AI
at://did:plc:synthetic00337/app.bsky.feed.post/000337,16c7ce7aba01,user051.example.invalid,3cb2f308814d,user051,2026-09-09T06:50:25Z,備忘録：生成AIで作った献立が意外とまともで助かった。 詳しくは後ほど。,ja,True,4,0,0,0,2,,,,,,,生成AI
at://did:plc:synthetic00102/app.bsky.feed.post/000102,6f6f18aab17d,user037.example.invalid,6926aaa0bb31,user037,2026-09-07T00:20:41Z,ちょっと共有。避難所運営のボランティアに参加。段ボールベッドの組み立てが大変だった。,ja,True,0,0,0,0,2,,,,,,,防災
at://did:plc:synthetic00274/app.bsky.feed.post/000274,12fae5368746,user083.example.invalid,c3a270349d04,user083,2026-09-15T08:51:01Z,国内企業の生成AI導入率は約4割とのこと。 詳しくは後ほど。,ja,True,11,1,0,0,0,,,,,,,生成AI
at://did:plc:synthetic00348/app.bsky.feed.post/000348,d84c6f1b010d,user086.example.invalid,dbbdc66b8c9a,user086,2026-09-20T10:45:38Z,【メモ】研究室で生成AIの勉強会をやった。使い方が人によって全然違って面白い。 #生成AI,ja,True,64,30,2,0,0,,,,,,,生成AI
at://did:plc:synthetic00010/app.bsky.feed.post/000010,668f214c1c0b,user118.example.invalid,d8d1c5bc9011,user118,2026-09-13T04:46:13Z,避難所が開設されました。場所は市民体育館と小学校の体育館です。,ja,True,11,1,1,1,1,,,,,,,防災
at://did:plc:synthetic00042/app.bsky.feed.post/000042,dfc8af39adcd,user091.example.invalid,5ef078c3d8c4,user091,2026-09-18T23:44:31Z,気になった。避難所の案内が分かりにくい。看板をもっと増やしてほしい。,ja,True,0,0,0,0,0,,,,,,,防災
at://did:plc:synthetic00175/app.bsky.feed.post/000175,8b7aecde5fb7,user030.example.invalid,a5bec08d2a42,user030,2026-09-15T05:47:16Z,今日の話題。夜のライトアップ、もう少し遅くまでやってくれると助かる。 #生成AI,ja,True,3,1,0,0,1,,,,,,,観光
at://did:plc:synthetic00187/app.bsky.feed.post/000187,0566e44bc704,user086.example.invalid,dbbdc66b8c9a,user086,2026-09-13T08:26:45Z,速報：観光客のマナー問題、注意喚起だけでは限界があると思う。 #観光,ja,True,3,0,0,0,0,,,,,,,観光
at://did:plc:synthetic00233/app.bsky.feed.post/000233,908130ffa766,user074.example.invalid,e9f22237e35e,user074,2026-09-19T10:55:46Z,ちょっと共有。宿泊プラン「紅葉と温泉」の予約受付を開始しました。 #生成AI,ja,True,0,0,0,0,0,,,,,,,観光
at://did:plc:synthetic00039/app.bsky.feed.post/000039,1951e8c669dc,user087.example.invalid,5ab5563dfa1b,user087,2026-09-10T04:52:17Z,気になった。土砂災害警戒情報が出ています。斜面の近くにお住まいの方は早めの避難を。 #生成AI,ja,True,14,6,2,0,0,,,,,,,防災
at://did:plc:synthetic00117/app.bsky.feed.post/000117,2d77eda39c1e,user115.example.invalid,d219437f226e,user115,2026-09-16T07:53:52Z,備忘録：非常食セットが期間限定で20%オフ。備蓄の見直しにどうぞ。 #防災,ja,True,0,0,0,0,0,,,,,,,防災
at://did:plc:synthetic00234/app.bsky.feed.post/000234,bc5300819bbc,user112.example.invalid,8115107b4b4a,user112,2026-09-17T06:31:27Z,気になった。宿泊プラン「紅葉と温泉」の予約受付を開始しました。,ja,True,0,0,0,0,1,,,,,,,観光
at://did:plc:synthetic00011/app.bsky.feed.post/000011,352d2b8bf106,user041.example.invalid,959544d8a9f4,user041,2026-09-19T08:10:26Z,【メモ】避難所が開設されました。場所は市民体育館と小学校の体育館です。 #防災,ja,True,7,2,1,0,0,,,,,,,防災
at://did:plc:synthetic00094/app.bsky.feed.post/000094,3c6c52a8c57c,user025.example.invalid,65a749c515b5,user025,2026-09-09T23:42:23Z,気になった。大雨で川の水位がすごいことになっていた。早めに帰って正解だった。,ja,True,6,2,0,0,0,,,,,,,防災
at://did:plc:synthetic00098/app.bsky.feed.post/000098,c445d33cd202,user079.example.invalid,b05697b4af87,user079,2026-09-13T14:05:34Z,防災グッズを買い足した。今年こそ備えをちゃんとする。,ja,True,8,1,1,0,2,,,,,,,防災
at://did:plc:synthetic00083/app.bsky.feed.post/000083,d2bf55e4e7f5,user095.example.invalid,2862e2a54023,user095,2026-09-15T18:19:44Z,気になった。非常食のアルファ米を試食してみたら意外とおいしかった。 みんなも気をつけて。,ja,True,4,0,0,0,0,,,,,,,防災
at://did:plc:synthetic00236/app.bsky.feed.post/000236,58efa4a41974,user006.example.invalid,f8ef0595a4b6,user006,2026-09-16T22:24:40Z,ちょっと共有。地元グルメが集まるフードフェスを開催します。入場無料。,ja,True,1,0,0,0,0,,,,,,,観光
at://did:plc:synthetic00344/app.bsky.feed.post/000344,f0c543b2b586,user005.example.invalid,beaa651892ab,user005,2026-09-15T21:23:18Z,【メモ】AIと英会話の練習をしている。恥ずかしくないのがいい。 詳しくは後ほど。,ja,True,15,5,1,0,2,,,,,,,生成AI
at://did:plc:synthetic00303/app.bsky.feed.post/000303,49bc671219ce,user061.example.invalid,c8a93fa8aeb0,user061,2026-09-13T04:35:07Z,【メモ】AI利用のルールを学校ごとに決めるのは限界がある。国の指針がほしい。 #防災,ja,True,3,0,0,0,1,,,,,,,生成AI
at://did:plc:synthetic00263/app.bsky.feed.post/000263,59defa7d87b0,user097.example.invalid,8aa509dd19b9,user097,2026-09-19T22:27:30Z,プログラミングの補助にAIを使う企業が増えているという調査結果。 詳しくは後ほど。,ja,True,41,11,4,0,0,,,,,,,生成AI
at://did:plc:synthetic00125/app.bsky.feed.post/000125,d4a1346195f7,user010.example.invalid,7f7e89b08036,user010,2026-09-19T13:51:50Z,京都の紅葉は11月中旬から見頃になりそうです。今年は少し遅めの予想。 詳しくは後ほど。,ja,True,1,0,0,0,0,,,,,,,観光
at://did:plc:synthetic00285/app.bsky.feed.post/000285,a70bf43e5d1b,user011.example.invalid,e2749b87ca12,user011,2026-09-09T10:14:27Z,ちょっと共有。AIの回答をそのまま提出する学生が増えている。課題の出し方を変えるべきだと思う。,ja,True,2,0,0,0,0,,,,,,,生成AI
at://did:plc:synthetic00033/app.bsky.feed.post/000033,fffca806c018,user083.example.invalid,c3a270349d04,user083,2026-09-20T00:24:51Z,備蓄用の水は1人1日3リットルが目安だそうです。3日分で9リットル。 どう思いますか？,ja,True,6,2,0,0,0,,,,,,,防災
at://did:plc:synthetic00349/app.bsky.feed.post/000349,a98c6d50f64a,user053.example.invalid,c02837ae6e3c,user053,2026-09-13T07:51:54Z,今日の話題。【セミナー】生成AI入門講座を開催します。初心者歓迎、オンライン参加可。 どう思いますか？,ja,True,0,0,0,0,1,,,,,,,生成AI
at://did:plc:synthetic00363/app.bsky.feed.post/000363,d010ce64be54,user111.example.invalid,6c4f39af50f1,user111,2026-09-08T04:17:57Z,気になった。画像生成AIの使い方講座、動画を公開しました。 #観光,ja,True,0,0,0,0,0,,,,,,,生成AI
at://did:plc:synthetic00128/app.bsky.feed.post/000128,a428d9e6cc2c,user030.example.invalid,a5bec08d2a42,user030,2026-09-18T11:26:35Z,大阪城公園の桜、今週末が満開の予想です。周辺は交通規制があります。 どう思いますか？,ja,True,8,1,0,0,0,,,,,,,観光
at://did:plc:synthetic00048/app.bsky.feed.post/000048,f4e235fe2c58,user079.example.invalid,b05697b4af87,user079,2026-09-10T11:38:37Z,防災無線が全然聞こえない。雨の音で何を言っているのか分からない。 どう思いますか？,ja,True,15,2,2,1,0,,,,,,,防災
at://did:plc:synthetic00120/app.bsky.feed.post/000120,8d3b1bf07997,user086.example.invalid,dbbdc66b8c9a,user086,2026-09-20T12:17:53Z,市民向け防災講演会を開催します。参加無料、要申込。 みんなも気をつけて。,ja,True,1,0,0,0,0,,,,,,,防災
at://did:plc:synthetic00284/app.bsky.feed.post/000284,d0fe16371727,user117.example.invalid,e62854ec37a8,user117,2026-09-12T23:54:19Z,大学の講義で生成AIの活用事例が紹介されました。,ja,True,23,2,1,0,1,,,,,,,生成AI
at://did:plc:synthetic00129/app.bsky.feed.post/000129,94fd359dd550,user063.example.invalid,97b952486ae3,user063,2026-09-09T11:25:04Z,大阪城公園の桜、今週末が満開の予想です。周辺は交通規制があります。,ja,True,8,3,1,0,0,,,,,,,観光
at://did:plc:synthetic00260/app.bsky.feed.post/000260,4882bd846165,user074.example.invalid,e9f22237e35e,user074,2026-09-13T11:42:07Z,生成AIの著作権に関する文化庁の考え方が更新されました。 #生成AI,ja,True,38,10,2,1,0,,,,,,,生成AI
at://did:plc:synthetic00198/app.bsky.feed.post/000198,8807d9f6abc6,user020.example.invalid,cd4cd7099d43,user020,2026-09-20T03:20:11Z,今日の話題。嵐山の竹林を早朝に歩いてきた。人が少なくて最高だった。 #生成AI,ja,True,10,1,1,0,1,,,,,,,観光
at://did:plc:synthetic00255/app.bsky.feed.post/000255,ba774fcaea8f,user009.example.invalid,e3adc91f1de6,user009,2026-09-08T22:15:49Z,気になった。AIが生成した文章かどうかを判定するツールの精度が話題になっています。 みんなも気をつけて。,ja,True,0,0,0,0,0,,,,,,,生成AI
at://did:plc:synthetic00317/app.bsky.feed.post/000317,a0dbd59e6663,user104.example.invalid,bbc790b0d9bf,user104,2026-09-07T04:55:51Z,生成AIにプログラムのエラー原因を説明してもらったら、すごく学習しやすかった。,ja,True,19,3,5,0,0,,,,,,,生成AI
at://did:plc:synthetic00071/app.bsky.feed.post/000071,9c6808390014,user058.example.invalid,3f352d51c8fd,user058,2026-09-16T05:30:14Z,ハザードマップの色分けが分かりづらい。改善を希望します。 みんなも気をつけて。,ja,True,11,2,0,0,0,,,,,,,防災
at://did:plc:synthetic00115/app.bsky.feed.post/000115,e5e909058014,user038.example.invalid,c8fc7be3e77e,user038,2026-09-15T07:51:52Z,ちょっと共有。新しい防災アプリをリリースしました。避難所の混雑状況が見られます。,ja,True,1,0,0,0,0,,,,,,,防災
at://did:plc:synthetic00086/app.bsky.feed.post/000086,a9e5ed631ac1,user062.example.invalid,080b354d7f9d,user062,2026-09-20T10:34:13Z,ちょっと共有。停電を経験して、モバイルバッテリーの大切さを痛感した。 #生成AI,ja,True,2,0,0,0,1,,,,,,,防災
at://did:plc:synthetic00341/app.bsky.feed.post/000341,9ca30118eeba,user117.example.invalid,e62854ec37a8,user117,2026-09-10T07:59:06Z,AIと英会話の練習をしている。恥ずかしくないのがいい。,ja,True,7,2,2,0,2,,,,,,,生成AI
at://did:plc:synthetic00154/app.bsky.feed.post/000154,3cfe6653afaa,user054.example.invalid,6b27d981a815,user054,2026-09-16T03:09:33Z,姫路城の入場料が改定されます。詳細は公式サイトで。 どう思いますか？,ja,True,1,0,0,0,0,,,,,,,観光
at://did:plc:synthetic00040/app.bsky.feed.post/000040,176a63d24c0d,user043.example.invalid,16862a35fe0d,user043,2026-09-10T02:59:35Z,ちょっと共有。土砂災害警戒情報が出ています。斜面の近くにお住まいの方は早めの避難を。 #生成AI,ja,True,6,2,1,0,0,,,,,,,防災
at://did:plc:synthetic00162/app.bsky.feed.post/000162,9c9b1d2abaad,user053.example.invalid,c02837ae6e3c,user053,2026-09-13T07:01:19Z,備忘録：観光案内所で無料の多言語マップが配布されています。 これは大事。,ja,True,3,1,0,0,0,,,,,,,観光
at://did:plc:synthetic00340/app.bsky.feed.post/000340,4a7c68793496,user041.example.invalid,959544d8a9f4,user041,2026-09-10T02:04:44Z,生成AIで作った献立が意外とまともで助かった。 詳しくは後ほど。,ja,True,4,0,0,0,0,,,,,,,生成AI
at://did:plc:synthetic00038/app.bsky.feed.post/000038,3e8ee7b06083,user099.example.invalid,f9398f1ed74b,user099,2026-09-18T07:41:46Z,備忘録：土砂災害警戒情報が出ています。斜面の近くにお住まいの方は早めの避難を。,ja,True,3,0,0,0,1,,,,,,,防災
at://did:plc:synthetic00152/app.bsky.feed.post/000152,90012b226b08,user037.example.invalid,6926aaa0bb31,user037,2026-09-10T08:30:24Z,【メモ】姫路城の入場料が改定されます。詳細は公式サイトで。 みんなも気をつけて。,ja,True,4,1,0,0,1,,,,,,,観光
at://did:plc:synthetic00247/app.bsky.feed.post/000247,04e7e7db05e5,user105.example.invalid,97727a674749,user105,2026-09-13T13:53:23Z,ちょっと共有。生成AIを授業で使うときのガイドラインが大学から公開されました。,ja,True,3,1,0,0,0,,,,,,,生成AI
at://did:plc:synthetic00100/app.bsky.feed.post/000100,57a08da9d5b7,user061.example.invalid,c8a93fa8aeb0,user061,2026-09-09T20:20:58Z,ちょっと共有。防災グッズを買い足した。今年こそ備えをちゃんとする。 詳しくは後ほど。,ja,True,2,0,0,0,1,,,,,,,防災
at://did:plc:synthetic00182/app.bsky.feed.post/000182,56293334491e,user060.example.invalid,fa8e946845f5,user060,2026-09-11T15:55:26Z,【メモ】有名な観光地ばかり宣伝せずに、地方の穴場ももっと紹介してほしい。,ja,True,2,0,0,0,0,,,,,,,観光
at://did:plc:synthetic00054/app.bsky.feed.post/000054,6d5a463fbb0d,user115.example.invalid,d219437f226e,user115,2026-09-17T12:31:59Z,【メモ】外国人向けに多言語の避難情報がもっと必要だと思います。 みんなも気をつけて。,ja,True,3,1,0,0,0,,,,,,,防災
at://did:plc:synthetic00189/app.bsky.feed.post/000189,64e0a0b11fb9,user082.example.invalid,430de1ad6d37,user082,2026-09-15T22:40:29Z,速報：観光客のマナー問題、注意喚起だけでは限界があると思う。 詳しくは後ほど。,ja,True,3,0,0,0,0,,,,,,,観光
at://did:plc:synthetic00269/app.bsky.feed.post/000269,79995990900f,user033.example.invalid,e0d8a1baca98,user033,2026-09-16T08:55:31Z,生成AIの電力消費が問題になっているという記事を読んだ。 どう思いますか？,ja,True,11,4,1,0,0,,,,,,,生成AI
at://did:plc:synthetic00194/app.bsky.feed.post/000194,300d7092f450,user060.example.invalid,fa8e946845f5,user060,2026-09-10T11:34:36Z,駅のコインロッカーが常に満杯。荷物預かり所を増やしてほしい。,ja,True,15,4,1,1,0,,,,,,,観光
at://did:plc:synthetic00127/app.bsky.feed.post/000127,161de15abb54,user033.example.invalid,e0d8a1baca98,user033,2026-09-08T23:41:26Z,大阪城公園の桜、今週末が満開の予想です。周辺は交通規制があります。 #生成AI,ja,True,35,14,10,1,0,,,,,,,観光
at://did:plc:synthetic00211/app.bsky.feed.post/000211,68ab939a355f,user013.example.invalid,67d2edfc7f83,user013,2026-09-09T14:34:18Z,有馬温泉に日帰りで行ってきた。金泉の色にびっくり。 #観光,ja,True,2,0,0,0,4,,,,,,,観光
at://did:plc:synthetic00306/app.bsky.feed.post/000306,e8fa9ec0c673,user008.example.invalid,831b8c438fd7,user008,2026-09-18T02:04:22Z,生成AIで作ったレポートを見抜くより、対話型の評価に変えたほうがいい。,ja,True,1,0,0,0,0,,,,,,,生成AI
at://did:plc:synthetic00047/app.bsky.feed.post/000047,bcd37c0e89a3,user017.example.invalid,e6682d93ff23,user017,2026-09-09T22:20:47Z,気になった。防災無線が全然聞こえない。雨の音で何を言っているのか分からない。 みんなも気をつけて。,ja,True,1,0,0,0,0,,,,,,,防災
at://did:plc:synthetic00131/app.bsky.feed.post/000131,ede9ae4cdbc2,user094.example.invalid,82cbb5f078a6,user094,2026-09-11T11:04:20Z,奈良公園へのアクセスは近鉄奈良駅から徒歩5分です。,ja,True,15,3,0,1,0,,,,,,,観光
at://did:plc:synthetic00313/app.bsky.feed.post/000313,1e19c57cadd6,user070.example.invalid,172f0fbc172a,user070,2026-09-07T10:20:04Z,高校でも生成AIの授業をやるべきだと思う。,ja,True,1,0,0,0,0,,,,,,,生成AI
at://did:plc:synthetic00366/app.bsky.feed.post/000366,c88afe9242af,user047.example.invalid,f276d0103a28,user047,2026-09-14T08:41:12Z,【メモ】生成AIに関する書籍を出版しました。書店で発売中。 どう思いますか？,ja,True,1,0,0,0,4,,,,,,,生成AI
at://did:plc:synthetic00230/app.bsky.feed.post/000230,496915926530,user113.example.invalid,896b1da4df71,user113,2026-09-19T03:33:43Z,【メモ】観光周遊バスの一日乗車券が新登場。主要スポットを巡れます。 どう思いますか？,ja,True,0,0,0,0,0,,,,,,,観光
at://did:plc:synthetic00197/app.bsky.feed.post/000197,2d0c1b46da46,user071.example.invalid,6e0d16c9883d,user071,2026-09-19T13:23:41Z,速報：嵐山の竹林を早朝に歩いてきた。人が少なくて最高だった。 詳しくは後ほど。,ja,True,11,4,0,0,4,,,,,,,観光
at://did:plc:synthetic00328/app.bsky.feed.post/000328,4ec8907d6f68,user033.example.invalid,e0d8a1baca98,user033,2026-09-17T08:10:22Z,ちょっと共有。画像生成AIで旅行の思い出をイラストにしてみた。意外とそれっぽい。,ja,True,7,1,0,0,0,,,,,,,生成AI
at://did:plc:synthetic00357/app.bsky.feed.post/000357,c4c2de56564c,user114.example.invalid,8220a75e51f9,user114,2026-09-16T02:27:28Z,速報：AI活用ハンドブックの改訂版を公開しました。ダウンロード無料。 詳しくは後ほど。,ja,True,1,0,0,0,0,,,,,,,生成AI
at://did:plc:synthetic00155/app.bsky.feed.post/000155,f452603cf2a1,user084.example.invalid,cd965149dce2,user084,2026-09-08T03:32:23Z,今日の話題。温泉地の混雑予想カレンダーが公開されています。 詳しくは後ほど。,ja,True,8,2,1,0,0,,,,,,,観光
at://did:plc:synthetic00309/app.bsky.feed.post/000309,df33ba3bf8f7,user096.example.invalid,5113a799eaf3,user096,2026-09-08T10:43:23Z,備忘録：AIの回答は自信満々に間違うことがあるので、鵜呑みにするのは危険。,ja,True,1,0,0,0,0,,,,,,,生成AI
at://did:plc:synthetic00016/app.bsky.feed.post/000016,e7f02f8b25b3,user055.example.invalid,d89955edcd4b,user055,2026-09-17T11:25:03Z,非常用持ち出し袋の中身リスト：水、食料、モバイルバッテリー、常備薬、懐中電灯。 どう思いますか？,ja,True,15,6,1,0,0,,,,,,,防災
at://did:plc:synthetic00259/app.bsky.feed.post/000259,000ef16edc73,user030.example.invalid,a5bec08d2a42,user030,2026-09-13T01:10:49Z,今日の話題。生成AIの著作権に関する文化庁の考え方が更新されました。,ja,True,56,8,15,2,0,,,,,,,生成AI
at://did:plc:synthetic00148/app.bsky.feed.post/000148,0137e3b52530,user090.example.invalid,c8653577f0b7,user090,2026-09-12T10:54:22Z,【メモ】訪日観光客数が月間で過去最多を記録しました。 詳しくは後ほど。,ja,True,2,0,0,0,0,,,,,,,観光
at://did:plc:synthetic00202/app.bsky.feed.post/000202,3acb3f981cf3,user035.example.invalid,fe68a842047a,user035,2026-09-17T23:17:39Z,速報：道頓堀でたこ焼き食べ歩き。どこも行列だったけど満足。 #生成AI,ja,True,2,0,0,0,1,,,,,,,観光
at://did:plc:synthetic00358/app.bsky.feed.post/000358,3ae5e63d89e0,user018.example.invalid,92c066bf55c1,user018,2026-09-13T21:56:11Z,【メモ】学生向けAIハッカソンの参加者を募集中。賞金あり。 どう思いますか？,ja,True,1,0,0,0,1,,,,,,,生成AI
at://did:plc:synthetic00227/app.bsky.feed.post/000227,8192700c9ad8,user093.example.invalid,a532078d516d,user093,2026-09-13T08:31:42Z,今日の話題。【告知】秋の特別拝観が始まります。期間限定で庭園を公開。,ja,True,0,0,0,0,1,,,,,,,観光
at://did:plc:synthetic00297/app.bsky.feed.post/000297,8a0b45b9d045,user068.example.invalid,fed64a20d8c3,user068,2026-09-11T08:23:01Z,画像生成AIの学習データの扱い、もっと透明性が必要だと思う。,ja,True,1,0,0,0,0,,,,,,,生成AI
at://did:plc:synthetic00062/app.bsky.feed.post/000062,4f533d0b9fe9,user035.example.invalid,fe68a842047a,user035,2026-09-20T01:55:44Z,ちょっと共有。ペットと一緒に避難できる避難所を増やしてほしい。 みんなも気をつけて。,ja,True,6,0,0,0,0,,,,,,,防災
at://did:plc:synthetic00157/app.bsky.feed.post/000157,dbaac962faa7,user090.example.invalid,c8653577f0b7,user090,2026-09-10T08:25:00Z,気になった。温泉地の混雑予想カレンダーが公開されています。 みんなも気をつけて。,ja,True,0,0,0,0,0,,,,,,,観光
at://did:plc:synthetic00241/app.bsky.feed.post/000241,6bf701f4fe38,user053.example.invalid,c02837ae6e3c,user053,2026-09-09T23:44:20Z,ちょっと共有。夜景クルーズの秋便を運航中。予約はウェブサイトから。 #観光,ja,True,2,0,0,0,0,,,,,,,観光
at://did:plc:synthetic00268/app.bsky.feed.post/000268,5819775a044e,user065.example.invalid,aa69d0473b39,user065,2026-09-10T10:48:28Z,AIチャットの無料枠が変更されるそうです。利用条件を確認しましょう。 #防災,ja,True,5,2,0,0,0,,,,,,,生成AI
at://did:plc:synthetic00050/app.bsky.feed.post/000050,1567d88fa520,user070.example.invalid,172f0fbc172a,user070,2026-09-13T12:57:41Z,ちょっと共有。高齢者の避難をどう支援するか、地域で真剣に考えるべきだと思う。 これは大事。,ja,True,1,0,0,0,1,,,,,,,防災
at://did:plc:synthetic00158/app.bsky.feed.post/000158,071d8b0567cb,user035.example.invalid,fe68a842047a,user035,2026-09-07T05:18:40Z,速報：温泉地の混雑予想カレンダーが公開されています。,ja,True,4,1,1,0,1,,,,,,,観光
at://did:plc:synthetic00213/app.bsky.feed.post/000213,ef23d78d31f7,user043.example.invalid,16862a35fe0d,user043,2026-09-15T13:12:30Z,有馬温泉に日帰りで行ってきた。金泉の色にびっくり。,ja,True,0,0,0,0,2,,,,,,,観光
at://did:plc:synthetic00190/app.bsky.feed.post/000190,9f48c06ffdd2,user106.example.invalid,ad04bc81c845,user106,2026-09-07T11:42:35Z,【メモ】観光客のマナー問題、注意喚起だけでは限界があると思う。,ja,True,0,0,0,0,0,,,,,,,観光
at://did:plc:synthetic00225/app.bsky.feed.post/000225,07b3c1a07cab,user078.example.invalid,54800e38f8b1,user078,2026-09-16T10:56:20Z,神戸の中華街で食べ歩き。豚まんが最高だった。 みんなも気をつけて。,ja,True,5,0,0,0,2,,,,,,,観光
at://did:plc:synthetic00185/app.bsky.feed.post/000185,cfbd8676a1a4,user025.example.invalid,65a749c515b5,user025,2026-09-10T12:53:27Z,今日の話題。キャッシュレス対応していない店が多くて外国人観光客が困っていた。 どう思いますか？,ja,True,4,1,0,0,0,,,,,,,観光
at://did:plc:synthetic00026/app.bsky.feed.post/000026,582379222dac,user018.example.invalid,92c066bf55c1,user018,2026-09-16T11:44:59Z,気になった。停電時のスマホの節電方法をまとめました。低電力モードが有効です。 みんなも気をつけて。,ja,True,0,0,0,0,0,,,,,,,防災
at://did:plc:synthetic00087/app.bsky.feed.post/000087,99c4cf9da8d5,user118.example.invalid,d8d1c5bc9011,user118,2026-09-07T21:09:39Z,気になった。停電を経験して、モバイルバッテリーの大切さを痛感した。 どう思いますか？,ja,True,3,1,0,0,0,,,,,,,防災
at://did:plc:synthetic00217/app.bsky.feed.post/000217,255894235fc8,user029.example.invalid,abe924ab6980,user029,2026-09-20T07:46:43Z,今日の話題。奈良で鹿にせんべいをあげた。思ったより積極的で笑った。 詳しくは後ほど。,ja,True,20,6,5,0,0,,,,,,,観光
at://did:plc:synthetic00168/app.bsky.feed.post/000168,7a0375e0e29e,user097.example.invalid,8aa509dd19b9,user097,2026-09-16T13:46:52Z,備忘録：京都のバスが混みすぎて地元の人が乗れない。何とかしてほしい。,ja,True,1,0,0,0,0,,,,,,,観光
at://did:plc:synthetic00278/app.bsky.feed.post/000278,3f6f170daff2,user050.example.invalid,dbe814fcc309,user050,2026-09-18T09:04:57Z,AIが作った音楽が配信ランキングに入ったというニュース。 #防災,ja,True,3,0,0,0,0,,,,,,,生成AI
at://did:plc:synthetic00057/app.bsky.feed.post/000057,e4466897c6fa,user103.example.invalid,604f489f69bf,user103,2026-09-10T19:25:01Z,防災訓練が平日昼間ばかりで、働いている人が参加できないのはどうかと思う。,ja,True,3,0,0,0,0,,,,,,,防災
at://did:plc:synthetic00223/app.bsky.feed.post/000223,0ad9b131bca0,user115.example.invalid,d219437f226e,user115,2026-09-13T08:02:54Z,今日の話題。神戸の中華街で食べ歩き。豚まんが最高だった。,ja,True,0,0,0,0,1,,,,,,,観光
at://did:plc:synthetic00221/app.bsky.feed.post/000221,7b6d5dd54296,user061.example.invalid,c8a93fa8aeb0,user061,2026-09-08T05:40:54Z,速報：天橋立の展望台から股のぞきをしてきた。噂通りの絶景。,ja,True,2,0,0,0,0,,,,,,,観光
at://did:plc:synthetic00311/app.bsky.feed.post/000311,072793393da0,user033.example.invalid,e0d8a1baca98,user033,2026-09-13T13:55:43Z,今日の話題。AIの回答は自信満々に間違うことがあるので、鵜呑みにするのは危険。 #生成AI,ja,True,24,4,4,1,0,,,,,,,生成AI
at://did:plc:synthetic00097/app.bsky.feed.post/000097,8a116ecf58b8,user120.example.invalid,c6d8cf66827d,user120,2026-09-19T02:31:55Z,防災グッズを買い足した。今年こそ備えをちゃんとする。,ja,True,31,3,2,0,1,,,,,,,防災
at://did:plc:synthetic00319/app.bsky.feed.post/000319,23cf89ffb629,user023.example.invalid,e33d8820772d,user023,2026-09-09T10:22:55Z,気になった。生成AIにプログラムのエラー原因を説明してもらったら、すごく学習しやすかった。,ja,True,5,1,0,0,1,,,,,,,生成AI
at://did:plc:synthetic00316/app.bsky.feed.post/000316,afefbd9c6fa8,user059.example.invalid,ec83458cb22c,user059,2026-09-13T10:48:17Z,今日の話題。高校でも生成AIの授業をやるべきだと思う。 #観光,ja,True,8,2,1,0,0,,,,,,,生成AI
at://did:plc:synthetic00261/app.bsky.feed.post/000261,6a2c8d7b7340,user004.example.invalid,ef892ecf414a,user004,2026-09-11T12:45:44Z,今日の話題。プログラミングの補助にAIを使う企業が増えているという調査結果。,ja,True,82,37,7,4,0,,,,,,,生成AI
at://did:plc:synthetic00095/app.bsky.feed.post/000095,7df57ccd6d77,user109.example.invalid,696018a7a940,user109,2026-09-16T11:07:26Z,大雨で川の水位がすごいことになっていた。早めに帰って正解だった。 これは大事。,ja,True,0,0,0,0,0,,,,,,,防災
at://did:plc:synthetic00228/app.bsky.feed.post/000228,1854fd981724,user097.example.invalid,8aa509dd19b9,user097,2026-09-08T03:15:58Z,備忘録：【告知】秋の特別拝観が始まります。期間限定で庭園を公開。 #生成AI,ja,True,1,0,0,0,0,,,,,,,観光
at://did:plc:synthetic00351/app.bsky.feed.post/000351,df96a23a0db2,user021.example.invalid,59c796a90f31,user021,2026-09-17T00:12:11Z,【メモ】【セミナー】生成AI入門講座を開催します。初心者歓迎、オンライン参加可。,ja,True,2,0,0,0,0,,,,,,,生成AI
at://did:plc:synthetic00055/app.bsky.feed.post/000055,90909e69d1a0,user102.example.invalid,f871463bc4cb,user102,2026-09-13T12:05:38Z,備忘録：外国人向けに多言語の避難情報がもっと必要だと思います。 どう思いますか？,ja,True,3,0,0,0,0,,,,,,,防災
at://did:plc:synthetic00199/app.bsky.feed.post/000199,b94c7b601c95,user061.example.invalid,c8a93fa8aeb0,user061,2026-09-15T01:51:16Z,気になった。道頓堀でたこ焼き食べ歩き。どこも行列だったけど満足。 みんなも気をつけて。,ja,True,4,1,0,0,1,,,,,,,観光
at://did:plc:synthetic00160/app.bsky.feed.post/000160,5a3b671d039c,user017.example.invalid,e6682d93ff23,user017,2026-09-19T00:49:03Z,ちょっと共有。観光案内所で無料の多言語マップが配布されています。 #観光,ja,True,22,5,3,1,0,,,,,,,観光
at://did:plc:synthetic00298/app.bsky.feed.post/000298,adeba006b28c,user095.example.invalid,2862e2a54023,user095,2026-09-12T03:04:30Z,備忘録：画像生成AIの学習データの扱い、もっと透明性が必要だと思う。 詳しくは後ほど。,ja,True,0,0,0,0,0,,,,,,,生成AI
at://did:plc:synthetic00051/app.bsky.feed.post/000051,e372499bb7d6,user105.example.invalid,97727a674749,user105,2026-09-12T15:52:38Z,気になった。高齢者の避難をどう支援するか、地域で真剣に考えるべきだと思う。,ja,True,5,1,0,0,0,,,,,,,防災
at://did:plc:synthetic00262/app.bsky.feed.post/000262,bac4ace0b292,user010.example.invalid,7f7e89b08036,user010,2026-09-18T07:12:42Z,今日の話題。プログラミングの補助にAIを使う企業が増えているという調査結果。 これは大事。,ja,True,4,1,0,0,0,,,,,,,生成AI
at://did:plc:synthetic00091/app.bsky.feed.post/000091,8c121780000f,user095.example.invalid,2862e2a54023,user095,2026-09-08T11:08:52Z,子どもと一緒にハザードマップを見て避難経路を歩いてみた。,ja,True,3,1,0,0,1,,,,,,,防災
at://did:plc:synthetic00103/app.bsky.feed.post/000103,8b1ca7f24196,user092.example.invalid,0f98a0eef697,user092,2026-09-11T07:20:24Z,今日の話題。避難所運営のボランティアに参加。段ボールベッドの組み立てが大変だった。 #防災,ja,True,2,0,0,0,4,,,,,,,防災
at://did:plc:synthetic00277/app.bsky.feed.post/000277,4911830cf2ca,user001.example.invalid,c23162ffc1a5,user001,2026-09-14T16:06:05Z,備忘録：AIが作った音楽が配信ランキングに入ったというニュース。,ja,True,1,0,0,0,0,,,,,,,生成AI
at://did:plc:synthetic00037/app.bsky.feed.post/000037,e4ae7bfa1220,user085.example.invalid,d21b863e608c,user085,2026-09-07T11:34:47Z,今日の話題。土砂災害警戒情報が出ています。斜面の近くにお住まいの方は早めの避難を。 みんなも気をつけて。,ja,True,0,0,0,0,0,,,,,,,防災
at://did:plc:synthetic00035/app.bsky.feed.post/000035,272a5a8fef72,user075.example.invalid,beddc8da6eaa,user075,2026-09-12T07:05:38Z,備忘録：備蓄用の水は1人1日3リットルが目安だそうです。3日分で9リットル。,ja,True,10,1,2,0,0,,,,,,,防災
at://did:plc:synthetic00126/app.bsky.feed.post/000126,205e46ae889a,user004.example.invalid,ef892ecf414a,user004,2026-09-07T22:42:47Z,気になった。京都の紅葉は11月中旬から見頃になりそうです。今年は少し遅めの予想。,ja,True,1,0,0,0,1,,,,,,,観光
at://did:plc:synthetic00300/app.bsky.feed.post/000300,69b57301458c,user004.example.invalid,ef892ecf414a,user004,2026-09-10T04:25:31Z,速報：画像生成AIの学習データの扱い、もっと透明性が必要だと思う。,ja,True,1,0,0,0,0,,,,,,,生成AI
at://did:plc:synthetic00206/app.bsky.feed.post/000206,fe482a963c9c,user011.example.invalid,e2749b87ca12,user011,2026-09-09T00:31:37Z,初めて姫路城に行った。白くて本当にきれいだった。 これは大事。,ja,True,4,0,0,0,4,,,,,,,観光
at://did:plc:synthetic00314/app.bsky.feed.post/000314,c4e914089de7,user048.example.invalid,bea85fdef708,user048,2026-09-13T01:13:08Z,【メモ】高校でも生成AIの授業をやるべきだと思う。 どう思いますか？,ja,True,0,0,0,0,0,,,,,,,生成AI
at://did:plc:synthetic00295/app.bsky.feed.post/000295,1e422e13e48a,user102.example.invalid,f871463bc4cb,user102,2026-09-12T09:26:33Z,【メモ】AIに仕事を奪われるという話より、どう使いこなすかを考えたい。 #観光,ja,True,1,0,0,0,0,,,,,,,生成AI
at://did:plc:synthetic00138/app.bsky.feed.post/000138,12d925c9e104,user002.example.invalid,e3ce8de04a92,user002,2026-09-08T06:16:59Z,気になった。USJの入場者数が過去最高を更新したそうです。 これは大事。,ja,True,11,1,0,1,0,,,,,,,観光
at://did:plc:synthetic00012/app.bsky.feed.post/000012,834153f48b20,user054.example.invalid,6b27d981a815,user054,2026-09-13T08:20:04Z,気になった。避難所が開設されました。場所は市民体育館と小学校の体育館です。 #防災,ja,True,9,4,2,0,0,,,,,,,防災
at://did:plc:synthetic00017/app.bsky.feed.post/000017,0203862d04bd,user067.example.invalid,795155c9bc0e,user067,2026-09-13T14:06:34Z,速報：地震速報：震度4を観測。津波の心配はありません。 詳しくは後ほど。,ja,True,3,0,0,0,0,,,,,,,防災
at://did:plc:synthetic00229/app.bsky.feed.post/000229,9a4c582293ec,user026.example.invalid,49a25ec40ce4,user026,2026-09-18T08:30:39Z,【メモ】【告知】秋の特別拝観が始まります。期間限定で庭園を公開。 #生成AI,ja,True,0,0,0,0,0,,,,,,,観光
at://did:plc:synthetic00014/app.bsky.feed.post/000014,6998ea8cf98f,user076.example.invalid,1c9c09f68611,user076,2026-09-19T06:29:24Z,備忘録：非常用持ち出し袋の中身リスト：水、食料、モバイルバッテリー、常備薬、懐中電灯。 #生成AI,ja,True,7,1,0,0,0,,,,,,,防災
at://did:plc:synthetic00082/app.bsky.feed.post/000082,7e2d8ae76c4f,user079.example.invalid,b05697b4af87,user079,2026-09-09T22:09:21Z,非常食のアルファ米を試食してみたら意外とおいしかった。 みんなも気をつけて。,ja,True,1,0,0,0,0,,,,,,,防災
at://did:plc:synthetic00272/app.bsky.feed.post/000272,9842e0b3c413,user053.example.invalid,c02837ae6e3c,user053,2026-09-14T01:55:42Z,今日の話題。生成AIの電力消費が問題になっているという記事を読んだ。 #防災,ja,True,6,0,1,0,0,,,,,,,生成AI
at://did:plc:synthetic00089/app.bsky.feed.post/000089,6866971a36a6,user095.example.invalid,2862e2a54023,user095,2026-09-16T23:54:02Z,子どもと一緒にハザードマップを見て避難経路を歩いてみた。 みんなも気をつけて。,ja,True,2,0,0,0,4,,,,,,,防災
at://did:plc:synthetic00364/app.bsky.feed.post/000364,6b6ebc9f2442,user005.example.invalid,beaa651892ab,user005,2026-09-17T23:04:29Z,備忘録：生成AIに関する書籍を出版しました。書店で発売中。 #防災,ja,True,0,0,0,0,0,,,,,,,生成AI
at://did:plc:synthetic00114/app.bsky.feed.post/000114,f87699543ee6,user063.example.invalid,97b952486ae3,user063,2026-09-09T08:45:22Z,新しい防災アプリをリリースしました。避難所の混雑状況が見られます。 これは大事。,ja,True,3,0,0,0,4,,,,,,,防災
at://did:plc:synthetic00320/app.bsky.feed.post/000320,19c686c784a7,user083.example.invalid,c3a270349d04,user083,2026-09-20T04:29:54Z,生成AIにプログラムのエラー原因を説明してもらったら、すごく学習しやすかった。 #防災,ja,True,3,0,0,0,0,,,,,,,生成AI
at://did:plc:synthetic00338/app.bsky.feed.post/000338,ef679a1e1490,user049.example.invalid,532a50573dff,user049,2026-09-19T09:48:38Z,生成AIで作った献立が意外とまともで助かった。,ja,True,7,2,1,0,1,,,,,,,生成AI
at://did:plc:synthetic00075/app.bsky.feed.post/000075,37e6a4a529b3,user002.example.invalid,e3ce8de04a92,user002,2026-09-08T09:19:28Z,気になった。地域の防災訓練に参加してきた。消火器の使い方を初めて体験した。,ja,True,11,2,2,1,1,,,,,,,防災
at://did:plc:synthetic00249/app.bsky.feed.post/000249,7b431f13e7f6,user077.example.invalid,acdfe3febe15,user077,2026-09-15T02:24:23Z,新しい画像生成モデルが発表されました。日本語の指示にも対応。 #生成AI,ja,True,4,0,0,0,0,,,,,,,生成AI
at://did:plc:synthetic00006/app.bsky.feed.post/000006,92f8c5a87c72,user059.example.invalid,ec83458cb22c,user059,2026-09-18T06:44:06Z,ちょっと共有。市のハザードマップが更新されています。自宅の浸水想定区域を確認しておきましょう。 詳しくは後ほど。,ja,True,38,14,10,3,0,,,,,,,防災
at://did:plc:synthetic00196/app.bsky.feed.post/000196,2a2346f51e72,user114.example.invalid,8220a75e51f9,user114,2026-09-11T09:00:08Z,【メモ】嵐山の竹林を早朝に歩いてきた。人が少なくて最高だった。 詳しくは後ほど。,ja,True,3,0,0,0,1,,,,,,,観光
at://did:plc:synthetic00025/app.bsky.feed.post/000025,1fead6c85fab,user054.example.invalid,6b27d981a815,user054,2026-09-14T08:36:34Z,速報：停電時のスマホの節電方法をまとめました。低電力モードが有効です。,ja,True,4,1,0,0,0,,,,,,,防災
at://did:plc:synthetic00286/app.bsky.feed.post/000286,92ae79b3ecb3,user052.example.invalid,7adcce767154,user052,2026-09-16T08:31:41Z,【メモ】AIの回答をそのまま提出する学生が増えている。課題の出し方を変えるべきだと思う。 #生成AI,ja,True,0,0,0,0,0,,,,,,,生成AI
at://did:plc:synthetic00110/app.bsky.feed.post/000110,deec8d5f71af,user058.example.invalid,3f352d51c8fd,user058,2026-09-12T18:56:41Z,防災グッズ特集ページを公開しました。おすすめの非常用ライトを紹介中。 #生成AI,ja,True,1,0,0,0,0,,,,,,,防災
at://did:plc:synthetic00143/app.bsky.feed.post/000143,208f44c13046,user096.example.invalid,5113a799eaf3,user096,2026-09-17T07:09:53Z,備忘録：神戸の夜景スポットまとめ。摩耶山掬星台は無料で見られます。,ja,True,1,0,0,0,0,,,,,,,観光
at://did:plc:synthetic00266/app.bsky.feed.post/000266,95ba295dbcae,user013.example.invalid,67d2edfc7f83,user013,2026-09-15T02:11:44Z,今日の話題。AIチャットの無料枠が変更されるそうです。利用条件を確認しましょう。,ja,True,3,0,0,0,0,,,,,,,生成AI
at://did:plc:synthetic00275/app.bsky.feed.post/000275,192c55b57466,user074.example.invalid,e9f22237e35e,user074,2026-09-16T03:19:07Z,国内企業の生成AI導入率は約4割とのこと。,ja,True,3,1,0,0,0,,,,,,,生成AI
at://did:plc:synthetic00032/app.bsky.feed.post/000032,c3a29169da10,user055.example.invalid,d89955edcd4b,user055,2026-09-14T23:34:48Z,気になった。自治体の防災アプリで避難情報がプッシュ通知されます。インストールをおすすめします。,ja,True,34,13,7,2,0,,,,,,,防災
at://did:plc:synthetic00101/app.bsky.feed.post/000101,a6519225b982,user088.example.invalid,06e0ee9227f9,user088,2026-09-17T05:17:47Z,速報：避難所運営のボランティアに参加。段ボールベッドの組み立てが大変だった。,ja,True,2,0,0,0,1,,,,,,,防災
at://did:plc:synthetic00226/app.bsky.feed.post/000226,3c872ac44e98,user046.example.invalid,73c2cc7d243f,user046,2026-09-18T11:20:14Z,神戸の中華街で食べ歩き。豚まんが最高だった。,ja,True,15,6,2,1,0,,,,,,,観光
at://did:plc:synthetic00222/app.bsky.feed.post/000222,3e85201dbeb6,user029.example.invalid,abe924ab6980,user029,2026-09-19T23:52:59Z,天橋立の展望台から股のぞきをしてきた。噂通りの絶景。,ja,True,4,1,0,0,1,,,,,,,観光
at://did:plc:synthetic00326/app.bsky.feed.post/000326,9de59a8e5305,user104.example.invalid,bbc790b0d9bf,user104,2026-09-19T06:38:59Z,画像生成AIで旅行の思い出をイラストにしてみた。意外とそれっぽい。 #生成AI,ja,True,3,0,0,0,2,,,,,,,生成AI
at://did:plc:synthetic00121/app.bsky.feed.post/000121,281681641788,user076.example.invalid,1c9c09f68611,user076,2026-09-17T01:18:51Z,市民向け防災講演会を開催します。参加無料、要申込。,ja,True,0,0,0,0,2,,,,,,,防災
at://did:plc:synthetic00208/app.bsky.feed.post/000208,9b8ba4069e18,user081.example.invalid,866c33d5ef3f,user081,2026-09-13T04:04:59Z,【メモ】淡路島でサイクリング。海沿いの道が気持ちよかった。,ja,True,1,0,0,0,1,,,,,,,観光
at://did:plc:synthetic00330/app.bsky.feed.post/000330,e5ac85d94360,user064.example.invalid,bfa1485c14b7,user064,2026-09-09T02:04:00Z,英語のメールをAIに添削してもらったら表現が自然になった。 みんなも気をつけて。,ja,True,1,0,0,0,0,,,,,,,生成AI
at://did:plc:synthetic00043/app.bsky.feed.post/000043,8383ae2016d1,user030.example.invalid,a5bec08d2a42,user030,2026-09-20T02:32:58Z,避難所の案内が分かりにくい。看板をもっと増やしてほしい。,ja,True,0,0,0,0,0,,,,,,,防災
at://did:plc:synthetic00354/app.bsky.feed.post/000354,e89f7fc4040c,user036.example.invalid,43d1ba400888,user036,2026-09-07T03:29:25Z,【メモ】生成AIを使った業務効率化ツールをリリースしました。無料トライアルあり。 詳しくは後ほど。,ja,True,12,1,0,0,1,,,,,,,生成AI
at://did:plc:synthetic00078/app.bsky.feed.post/000078,961260b7b990,user014.example.invalid,9ae6e8ec4af2,user014,2026-09-08T03:49:31Z,昨日の地震、揺れが長くて怖かった。家具の固定を見直そうと思う。,ja,True,5,0,1,0,0,,,,,,,防災
at://did:plc:synthetic00145/app.bsky.feed.post/000145,7f4711de8429,user093.example.invalid,a532078d516d,user093,2026-09-14T23:03:10Z,【メモ】神戸の夜景スポットまとめ。摩耶山掬星台は無料で見られます。 #観光,ja,True,1,0,0,0,0,,,,,,,観光
at://did:plc:synthetic00301/app.bsky.feed.post/000301,43b69478f228,user010.example.invalid,7f7e89b08036,user010,2026-09-16T03:23:55Z,速報：AI利用のルールを学校ごとに決めるのは限界がある。国の指針がほしい。 どう思いますか？,ja,True,6,1,0,0,0,,,,,,,生成AI
at://did:plc:synthetic00250/app.bsky.feed.post/000250,ac812490e3db,user049.example.invalid,532a50573dff,user049,2026-09-11T05:15:05Z,備忘録：新しい画像生成モデルが発表されました。日本語の指示にも対応。 どう思いますか？,ja,True,6,0,1,0,0,,,,,,,生成AI
at://did:plc:synthetic00045/app.bsky.feed.post/000045,4f11ec681a5c,user083.example.invalid,c3a270349d04,user083,2026-09-17T08:06:34Z,ちょっと共有。防災無線が全然聞こえない。雨の音で何を言っているのか分からない。,ja,True,41,15,9,1,0,,,,,,,防災
at://did:plc:synthetic00059/app.bsky.feed.post/000059,0ad7316be508,user032.example.invalid,a0935cbc1ed0,user032,2026-09-14T01:03:06Z,備忘録：防災訓練が平日昼間ばかりで、働いている人が参加できないのはどうかと思う。 #防災,ja,True,2,0,0,0,0,,,,,,,防災
at://did:plc:synthetic00113/app.bsky.feed.post/000113,391b0ff1ab0f,user100.example.invalid,4a8f0735dd88,user100,2026-09-18T04:56:28Z,防災士の資格講座の受講生を募集しています。締切は今月末です。,ja,True,7,2,0,0,0,,,,,,,防災
at://did:plc:synthetic00237/app.bsky.feed.post/000237,ee36b475c8f1,user087.example.invalid,5ab5563dfa1b,user087,2026-09-15T03:48:09Z,備忘録：地元グルメが集まるフードフェスを開催します。入場無料。 どう思いますか？,ja,True,17,6,1,0,0,,,,,,,観光
at://did:plc:synthetic00023/app.bsky.feed.post/000023,a5f602135fae,user043.example.invalid,16862a35fe0d,user043,2026-09-14T02:06:38Z,気になった。大雨警報が発表されました。川の近くには近づかないでください。,ja,True,14,6,3,0,0,,,,,,,防災
at://did:plc:synthetic00290/app.bsky.feed.post/000290,0f8067ce3275,user101.example.invalid,46b5b8fd85aa,user101,2026-09-16T11:06:33Z,【メモ】生成AIの出力は必ず自分で検証する習慣をつけるべき。,ja,True,1,0,0,0,0,,,,,,,生成AI
at://did:plc:synthetic00107/app.bsky.feed.post/000107,88967107a90a,user036.example.invalid,43d1ba400888,user036,2026-09-10T02:15:42Z,速報：【お知らせ】10月5日に地域防災フェアを開催します。起震車体験もあります。 これは大事。,ja,True,8,1,2,0,0,,,,,,,防災
at://did:plc:synthetic00360/app.bsky.feed.post/000360,9da6c60781f4,user071.example.invalid,6e0d16c9883d,user071,2026-09-19T13:37:26Z,学生向けAIハッカソンの参加者を募集中。賞金あり。,ja,True,3,0,0,0,0,,,,,,,生成AI
at://did:plc:synthetic00005/app.bsky.feed.post/000005,b89d15773e5a,user099.example.invalid,f9398f1ed74b,user099,2026-09-16T11:22:01Z,ちょっと共有。市のハザードマップが更新されています。自宅の浸水想定区域を確認しておきましょう。 どう思いますか？,ja,True,21,2,4,1,1,,,,,,,防災
at://did:plc:synthetic00243/app.bsky.feed.post/000243,b3670338880e,user111.example.invalid,6c4f39af50f1,user111,2026-09-14T01:11:13Z,ちょっと共有。観光アプリでスタンプラリー実施中。景品はオリジナルグッズ。 どう思いますか？,ja,True,0,0,0,0,1,,,,,,,観光
at://did:plc:synthetic00020/app.bsky.feed.post/000020,823a37435681,user083.example.invalid,c3a270349d04,user083,2026-09-17T22:55:12Z,地震速報：震度4を観測。津波の心配はありません。 みんなも気をつけて。,ja,True,1,0,0,0,0,,,,,,,防災
at://did:plc:synthetic00024/app.bsky.feed.post/000024,19241b66793b,user015.example.invalid,8347c9ccdc3c,user015,2026-09-20T07:37:48Z,今日の話題。大雨警報が発表されました。川の近くには近づかないでください。 これは大事。,ja,True,8,1,0,0,4,,,,,,,防災
at://did:plc:synthetic00205/app.bsky.feed.post/000205,f20fa8235a86,user089.example.invalid,ae59ea436e1a,user089,2026-09-15T05:26:26Z,備忘録：初めて姫路城に行った。白くて本当にきれいだった。 詳しくは後ほど。,ja,True,3,0,0,0,1,,,,,,,観光
at://did:plc:synthetic00173/app.bsky.feed.post/000173,42ea26836c8e,user092.example.invalid,0f98a0eef697,user092,2026-09-09T08:55:49Z,【メモ】観光地の案内表示、英語だけでなく中国語や韓国語も必要だと思う。 #生成AI,ja,True,3,0,0,0,0,,,,,,,観光
at://did:plc:synthetic00195/app.bsky.feed.post/000195,6446cf7640b2,user070.example.invalid,172f0fbc172a,user070,2026-09-14T08:28:12Z,備忘録：嵐山の竹林を早朝に歩いてきた。人が少なくて最高だった。,ja,True,1,0,0,0,0,,,,,,,観光
at://did:plc:synthetic00029/app.bsky.feed.post/000029,4e72f172ae71,user107.example.invalid,ddd1c00cc6d1,user107,2026-09-10T04:27:03Z,【メモ】自治体の防災アプリで避難情報がプッシュ通知されます。インストールをおすすめします。,ja,True,1,0,0,0,0,,,,,,,防災
at://did:plc:synthetic00003/app.bsky.feed.post/000003,13bdfaef8979,user038.example.invalid,c8fc7be3e77e,user038,2026-09-09T07:54:14Z,今日の話題。気象庁が台風の進路予想を更新しました。近畿地方は明日夜から暴風域に入る見込みです。 みんなも気をつけて。,ja,True,2,0,0,0,0,,,,,,,防災
at://did:plc:synthetic00096/app.bsky.feed.post/000096,5254a71c9c0e,user034.example.invalid,8f76a37b95f1,user034,2026-09-13T04:08:15Z,大雨で川の水位がすごいことになっていた。早めに帰って正解だった。,ja,True,1,0,0,0,0,,,,,,,防災
at://did:plc:synthetic00253/app.bsky.feed.post/000253,45ca77eab40c,user026.example.invalid,49a25ec40ce4,user026,2026-09-19T08:27:48Z,速報：AIが生成した文章かどうかを判定するツールの精度が話題になっています。 みんなも気をつけて。,ja,True,17,5,1,0,1,,,,,,,生成AI
at://did:plc:synthetic00122/app.bsky.feed.post/000122,f3f1ccb2498a,user110.example.invalid,27a271075c2c,user110,2026-09-13T04:56:19Z,気になった。市民向け防災講演会を開催します。参加無料、要申込。,ja,True,1,0,0,0,0,,,,,,,防災
at://did:plc:synthetic00009/app.bsky.feed.post/000009,be7271934a1c,user066.example.invalid,57160d58360f,user066,2026-09-15T05:07:54Z,避難所が開設されました。場所は市民体育館と小学校の体育館です。,ja,True,3,1,0,0,0,,,,,,,防災
at://did:plc:synthetic00335/app.bsky.feed.post/000335,5c89704578eb,user015.example.invalid,8347c9ccdc3c,user015,2026-09-13T11:03:46Z,今日の話題。AIに数学の問題を解かせたら途中で計算間違いをしていた。 詳しくは後ほど。,ja,True,6,1,0,0,0,,,,,,,生成AI
at://did:plc:synthetic00214/app.bsky.feed.post/000214,e2fb88803365,user019.example.invalid,1924aa5828b2,user019,2026-09-07T10:46:57Z,有馬温泉に日帰りで行ってきた。金泉の色にびっくり。 これは大事。,ja,True,5,2,0,0,0,,,,,,,観光
at://did:plc:synthetic00280/app.bsky.feed.post/000280,1dc7660aeb85,user045.example.invalid,c68f0a3d473f,user045,2026-09-13T10:59:18Z,AIが作った音楽が配信ランキングに入ったというニュース。,ja,True,1,0,0,0,0,,,,,,,生成AI
at://did:plc:synthetic00171/app.bsky.feed.post/000171,b6faf2e90f9b,user022.example.invalid,562256751f95,user022,2026-09-16T12:00:42Z,今日の話題。観光地の案内表示、英語だけでなく中国語や韓国語も必要だと思う。 詳しくは後ほど。,ja,True,13,3,3,0,0,,,,,,,観光
at://did:plc:synthetic00365/app.bsky.feed.post/000365,b5462f6aeab0,user054.example.invalid,6b27d981a815,user054,2026-09-18T22:45:20Z,生成AIに関する書籍を出版しました。書店で発売中。,ja,True,1,0,0,0,0,,,,,,,生成AI
at://did:plc:synthetic00235/app.bsky.feed.post/000235,a43ac8f1901a,user112.example.invalid,8115107b4b4a,user112,2026-09-08T09:09:06Z,ちょっと共有。宿泊プラン「紅葉と温泉」の予約受付を開始しました。,ja,True,0,0,0,0,0,,,,,,,観光
at://did:plc:synthetic00288/app.bsky.feed.post/000288,d6b0f5015a87,user004.example.invalid,ef892ecf414a,user004,2026-09-08T07:24:27Z,気になった。AIの回答をそのまま提出する学生が増えている。課題の出し方を変えるべきだと思う。 #生成AI,ja,True,4,0,0,0,0,,,,,,,生成AI
at://did:plc:synthetic00069/app.bsky.feed.post/000069,6e6b25a0a8e9,user021.example.invalid,59c796a90f31,user021,2026-09-09T05:52:45Z,今日の話題。ハザードマップの色分けが分かりづらい。改善を希望します。,ja,True,11,3,2,0,0,,,,,,,防災
at://did:plc:synthetic00321/app.bsky.feed.post/000321,adaf065d358f,user058.example.invalid,3f352d51c8fd,user058,2026-09-17T11:38:39Z,レポートの構成をAIに相談してみた。アイデア出しには便利。 #防災,ja,True,1,0,0,0,0,,,,,,,生成AI
at://did:plc:synthetic00056/app.bsky.feed.post/000056,500b2b2499db,user106.example.invalid,ad04bc81c845,user106,2026-09-15T10:15:55Z,外国人向けに多言語の避難情報がもっと必要だと思います。 どう思いますか？,ja,True,3,1,0,0,0,,,,,,,防災
at://did:plc:synthetic00362/app.bsky.feed.post/000362,bbeb14e5cce3,user113.example.invalid,896b1da4df71,user113,2026-09-13T09:12:43Z,画像生成AIの使い方講座、動画を公開しました。 これは大事。,ja,True,2,0,0,0,0,,,,,,,生成AI
at://did:plc:synthetic00007/app.bsky.feed.post/000007,3330812b873c,user104.example.invalid,bbc790b0d9bf,user104,2026-09-10T14:23:09Z,気になった。市のハザードマップが更新されています。自宅の浸水想定区域を確認しておきましょう。 みんなも気をつけて。,ja,True,13,3,1,0,0,,,,,,,防災
at://did:plc:synthetic00231/app.bsky.feed.post/000231,d4082879d833,user106.example.invalid,ad04bc81c845,user106,2026-09-07T04:43:42Z,観光周遊バスの一日乗車券が新登場。主要スポットを巡れます。,ja,True,3,0,0,0,2,,,,,,,観光
at://did:plc:synthetic00302/app.bsky.feed.post/000302,0f06afbccb8a,user025.example.invalid,65a749c515b5,user025,2026-09-07T14:50:29Z,速報：AI利用のルールを学校ごとに決めるのは限界がある。国の指針がほしい。 これは大事。,ja,True,9,3,2,0,2,,,,,,,生成AI
at://did:plc:synthetic00099/app.bsky.feed.post/000099,e8361bca2dfe,user103.example.invalid,604f489f69bf,user103,2026-09-10T09:03:37Z,ちょっと共有。防災グッズを買い足した。今年こそ備えをちゃんとする。,ja,True,5,2,0,0,1,,,,,,,防災
at://did:plc:synthetic00064/app.bsky.feed.post/000064,b43f8bf2d97c,user119.example.invalid,4be72c58fff6,user119,2026-09-15T22:17:56Z,備忘録：ペットと一緒に避難できる避難所を増やしてほしい。,ja,True,4,1,0,0,0,,,,,,,防災
at://did:plc:synthetic00265/app.bsky.feed.post/000265,f1e1a6ed7732,user083.example.invalid,c3a270349d04,user083,2026-09-12T09:31:59Z,今日の話題。AIチャットの無料枠が変更されるそうです。利用条件を確認しましょう。 #観光,ja,True,39,6,8,1,2,,,,,,,生成AI
at://did:plc:synthetic00092/app.bsky.feed.post/000092,f666c0e5a42b,user002.example.invalid,e3ce8de04a92,user002,2026-09-17T06:54:37Z,子どもと一緒にハザードマップを見て避難経路を歩いてみた。,ja,True,3,1,0,0,1,,,,,,,防災
at://did:plc:synthetic00008/app.bsky.feed.post/000008,81495d4f9e44,user089.example.invalid,ae59ea436e1a,user089,2026-09-13T10:59:29Z,市のハザードマップが更新されています。自宅の浸水想定区域を確認しておきましょう。 これは大事。,ja,True,3,0,0,0,0,,,,,,,防災
at://did:plc:synthetic00135/app.bsky.feed.post/000135,fd80d6b9571e,user087.example.invalid,5ab5563dfa1b,user087,2026-09-12T01:04:02Z,今日の話題。USJの入場者数が過去最高を更新したそうです。 みんなも気をつけて。,ja,True,1,0,0,0,0,,,,,,,観光
at://did:plc:synthetic00188/app.bsky.feed.post/000188,eaeed68cfced,user049.example.invalid,532a50573dff,user049,2026-09-18T00:38:15Z,【メモ】観光客のマナー問題、注意喚起だけでは限界があると思う。 #観光,ja,True,112,30,18,10,1,,,,,,,観光
at://did:plc:synthetic00150/app.bsky.feed.post/000150,8564f781abc7,user110.example.invalid,27a271075c2c,user110,2026-09-20T09:36:42Z,訪日観光客数が月間で過去最多を記録しました。,ja,True,9,3,0,0,0,,,,,,,観光
at://did:plc:synthetic00159/app.bsky.feed.post/000159,05688af89bd6,user069.example.invalid,63cb50c220be,user069,2026-09-11T21:30:01Z,ちょっと共有。観光案内所で無料の多言語マップが配布されています。,ja,True,12,3,3,0,2,,,,,,,観光
at://did:plc:synthetic00184/app.bsky.feed.post/000184,46e41731294e,user095.example.invalid,2862e2a54023,user095,2026-09-19T13:49:03Z,キャッシュレス対応していない店が多くて外国人観光客が困っていた。 #生成AI,ja,True,2,0,0,0,0,,,,,,,観光
at://did:plc:synthetic00179/app.bsky.feed.post/000179,4c74e14a3c42,user089.example.invalid,ae59ea436e1a,user089,2026-09-20T10:46:15Z,有名な観光地ばかり宣伝せずに、地方の穴場ももっと紹介してほしい。 詳しくは後ほど。,ja,True,2,0,0,0,0,,,,,,,観光
at://did:plc:synthetic00325/app.bsky.feed.post/000325,0dc0568fae76,user118.example.invalid,d8d1c5bc9011,user118,2026-09-20T14:46:41Z,画像生成AIで旅行の思い出をイラストにしてみた。意外とそれっぽい。 どう思いますか？,ja,True,6,2,1,0,4,,,,,,,生成AI
at://did:plc:synthetic00192/app.bsky.feed.post/000192,cfc57912f99b,user045.example.invalid,c68f0a3d473f,user045,2026-09-07T09:53:31Z,速報：駅のコインロッカーが常に満杯。荷物預かり所を増やしてほしい。,ja,True,0,0,0,0,1,,,,,,,観光
at://did:plc:synthetic00146/app.bsky.feed.post/000146,91fe73388aad,user098.example.invalid,96744422361c,user098,2026-09-20T11:22:33Z,速報：神戸の夜景スポットまとめ。摩耶山掬星台は無料で見られます。 みんなも気をつけて。,ja,True,5,0,0,0,0,,,,,,,観光
at://did:plc:synthetic00257/app.bsky.feed.post/000257,97bb97364247,user079.example.invalid,b05697b4af87,user079,2026-09-10T23:48:02Z,備忘録：生成AIの著作権に関する文化庁の考え方が更新されました。,ja,True,11,4,1,1,0,,,,,,,生成AI
at://did:plc:synthetic00161/app.bsky.feed.post/000161,0c1a5800a5e4,user066.example.invalid,57160d58360f,user066,2026-09-08T09:24:56Z,備忘録：観光案内所で無料の多言語マップが配布されています。 これは大事。,ja,True,14,2,2,1,0,,,,,,,観光
at://did:plc:synthetic00347/app.bsky.feed.post/000347,f7aacc55ab3a,user045.example.invalid,c68f0a3d473f,user045,2026-09-13T10:25:46Z,研究室で生成AIの勉強会をやった。使い方が人によって全然違って面白い。 #観光,ja,True,5,1,1,0,0,,,,,,,生成AI
at://did:plc:synthetic00219/app.bsky.feed.post/000219,b515e977ac85,user068.example.invalid,fed64a20d8c3,user068,2026-09-06T18:40:14Z,天橋立の展望台から股のぞきをしてきた。噂通りの絶景。 #観光,ja,True,6,2,0,0,1,,,,,,,観光
at://did:plc:synthetic00207/app.bsky.feed.post/000207,4d9e6cc4d6a2,user119.example.invalid,4be72c58fff6,user119,2026-09-20T09:36:06Z,備忘録：淡路島でサイクリング。海沿いの道が気持ちよかった。,ja,True,8,1,1,0,1,,,,,,,観光
at://did:plc:synthetic00323/app.bsky.feed.post/000323,c8b95c0b930a,user025.example.invalid,65a749c515b5,user025,2026-09-17T08:45:45Z,備忘録：レポートの構成をAIに相談してみた。アイデア出しには便利。,ja,True,3,0,0,0,1,,,,,,,生成AI
at://did:plc:synthetic00015/app.bsky.feed.post/000015,e6ef69c43173,user108.example.invalid,bb7837b69965,user108,2026-09-20T00:00:49Z,気になった。非常用持ち出し袋の中身リスト：水、食料、モバイルバッテリー、常備薬、懐中電灯。 みんなも気をつけて。,ja,True,0,0,0,0,1,,,,,,,防災
at://did:plc:synthetic00027/app.bsky.feed.post/000027,63f75c094c87,user008.example.invalid,831b8c438fd7,user008,2026-09-10T07:11:40Z,速報：停電時のスマホの節電方法をまとめました。低電力モードが有効です。 #生成AI,ja,True,7,2,1,0,0,,,,,,,防災
at://did:plc:synthetic00174/app.bsky.feed.post/000174,4e26d82bcdd9,user003.example.invalid,1bafcb67e300,user003,2026-09-20T03:53:08Z,速報：観光地の案内表示、英語だけでなく中国語や韓国語も必要だと思う。 みんなも気をつけて。,ja,True,4,1,0,0,0,,,,,,,観光
at://did:plc:synthetic00271/app.bsky.feed.post/000271,7569a8f7636b,user115.example.invalid,d219437f226e,user115,2026-09-11T11:26:09Z,【メモ】生成AIの電力消費が問題になっているという記事を読んだ。 これは大事。,ja,True,0,0,0,0,0,,,,,,,生成AI
at://did:plc:synthetic00034/app.bsky.feed.post/000034,b34d29e404d5,user094.example.invalid,82cbb5f078a6,user094,2026-09-11T01:52:40Z,備蓄用の水は1人1日3リットルが目安だそうです。3日分で9リットル。 これは大事。,ja,True,4,0,0,0,2,,,,,,,防災
at://did:plc:synthetic00186/app.bsky.feed.post/000186,e5359069b84b,user114.example.invalid,8220a75e51f9,user114,2026-09-10T22:53:32Z,備忘録：キャッシュレス対応していない店が多くて外国人観光客が困っていた。,ja,True,2,0,0,0,0,,,,,,,観光
at://did:plc:synthetic00315/app.bsky.feed.post/000315,8484a9b54ff3,user086.example.invalid,dbbdc66b8c9a,user086,2026-09-20T00:50:52Z,今日の話題。高校でも生成AIの授業をやるべきだと思う。 これは大事。,ja,True,4,1,0,0,0,,,,,,,生成AI
at://did:plc:synthetic00036/app.bsky.feed.post/000036,12bd9cfabdd8,user052.example.invalid,7adcce767154,user052,2026-09-18T03:26:25Z,速報：備蓄用の水は1人1日3リットルが目安だそうです。3日分で9リットル。 #防災,ja,True,104,18,14,9,0,,,,,,,防災
at://did:plc:synthetic00350/app.bsky.feed.post/000350,3d42e6780556,user039.example.invalid,898bca544702,user039,2026-09-18T04:13:18Z,速報：【セミナー】生成AI入門講座を開催します。初心者歓迎、オンライン参加可。,ja,True,0,0,0,0,0,,,,,,,生成AI
at://did:plc:synthetic00254/app.bsky.feed.post/000254,47dd57ed52bc,user008.example.invalid,831b8c438fd7,user008,2026-09-16T05:17:21Z,ちょっと共有。AIが生成した文章かどうかを判定するツールの精度が話題になっています。 #防災,ja,True,5,2,0,0,0,,,,,,,生成AI
at://did:plc:synthetic00073/app.bsky.feed.post/000073,5db5d6b0fc4b,user005.example.invalid,beaa651892ab,user005,2026-09-12T02:24:26Z,【メモ】地域の防災訓練に参加してきた。消火器の使い方を初めて体験した。 これは大事。,ja,True,1,0,0,0,0,,,,,,,防災
at://did:plc:synthetic00144/app.bsky.feed.post/000144,f849ad417747,user042.example.invalid,6f57109c9ddd,user042,2026-09-11T00:27:42Z,今日の話題。神戸の夜景スポットまとめ。摩耶山掬星台は無料で見られます。,ja,True,1,0,0,0,0,,,,,,,観光
at://did:plc:synthetic00324/app.bsky.feed.post/000324,821aaf615482,user062.example.invalid,080b354d7f9d,user062,2026-09-12T12:41:13Z,ちょっと共有。レポートの構成をAIに相談してみた。アイデア出しには便利。 どう思いますか？,ja,True,4,0,0,0,1,,,,,,,生成AI
at://did:plc:synthetic00079/app.bsky.feed.post/000079,f945e8d7c7f5,user013.example.invalid,67d2edfc7f83,user013,2026-09-19T03:49:32Z,昨日の地震、揺れが長くて怖かった。家具の固定を見直そうと思う。,ja,True,2,0,0,0,0,,,,,,,防災
at://did:plc:synthetic00108/app.bsky.feed.post/000108,6e1fb038c70c,user072.example.invalid,d588ac4b9124,user072,2026-09-16T11:34:00Z,気になった。防災グッズ特集ページを公開しました。おすすめの非常用ライトを紹介中。,ja,True,1,0,0,0,0,,,,,,,防災
at://did:plc:synthetic00130/app.bsky.feed.post/000130,849d204c8ff0,user042.example.invalid,6f57109c9ddd,user042,2026-09-15T03:48:42Z,速報：大阪城公園の桜、今週末が満開の予想です。周辺は交通規制があります。,ja,True,20,3,0,0,0,,,,,,,観光
at://did:plc:synthetic00240/app.bsky.feed.post/000240,f8a4dc27b2df,user005.example.invalid,beaa651892ab,user005,2026-09-14T03:42:11Z,今日の話題。夜景クルーズの秋便を運航中。予約はウェブサイトから。 これは大事。,ja,True,1,0,0,0,4,,,,,,,観光
at://did:plc:synthetic00292/app.bsky.feed.post/000292,9666e19901d1,user106.example.invalid,ad04bc81c845,user106,2026-09-10T06:53:31Z,【メモ】生成AIの出力は必ず自分で検証する習慣をつけるべき。 詳しくは後ほど。,ja,True,0,0,0,0,0,,,,,,,生成AI
at://did:plc:synthetic00141/app.bsky.feed.post/000141,506640726c43,user102.example.invalid,f871463bc4cb,user102,2026-09-19T10:05:47Z,関西空港からのリムジンバスの時刻表が改正されました。 #観光,ja,True,2,0,0,0,0,,,,,,,観光
at://did:plc:synthetic00169/app.bsky.feed.post/000169,49352ed32418,user106.example.invalid,ad04bc81c845,user106,2026-09-19T01:12:32Z,備忘録：京都のバスが混みすぎて地元の人が乗れない。何とかしてほしい。 詳しくは後ほど。,ja,True,7,2,0,0,1,,,,,,,観光
at://did:plc:synthetic00304/app.bsky.feed.post/000304,11ff86800b37,user060.example.invalid,fa8e946845f5,user060,2026-09-08T13:26:47Z,【メモ】AI利用のルールを学校ごとに決めるのは限界がある。国の指針がほしい。,ja,True,2,0,0,0,0,,,,,,,生成AI
at://did:plc:synthetic00276/app.bsky.feed.post/000276,5ac87fc454e3,user022.example.invalid,562256751f95,user022,2026-09-16T16:23:35Z,備忘録：国内企業の生成AI導入率は約4割とのこと。 #防災,ja,True,7,2,0,0,0,,,,,,,生成AI
at://did:plc:synthetic00041/app.bsky.feed.post/000041,9de91b1aeff4,user102.example.invalid,f871463bc4cb,user102,2026-09-20T10:18:53Z,今日の話題。避難所の案内が分かりにくい。看板をもっと増やしてほしい。,ja,True,0,0,0,0,0,,,,,,,防災
at://did:plc:synthetic00149/app.bsky.feed.post/000149,1e964070a279,user009.example.invalid,e3adc91f1de6,user009,2026-09-09T13:05:39Z,訪日観光客数が月間で過去最多を記録しました。 これは大事。,ja,True,18,8,5,0,0,,,,,,,観光
at://did:plc:synthetic00153/app.bsky.feed.post/000153,086be8288ab7,user067.example.invalid,795155c9bc0e,user067,2026-09-16T14:26:58Z,今日の話題。姫路城の入場料が改定されます。詳細は公式サイトで。 これは大事。,ja,True,10,4,2,0,0,,,,,,,観光
at://did:plc:synthetic00063/app.bsky.feed.post/000063,04120ebad9f4,user066.example.invalid,57160d58360f,user066,2026-09-13T07:56:38Z,気になった。ペットと一緒に避難できる避難所を増やしてほしい。,ja,True,33,3,9,2,0,,,,,,,防災
at://did:plc:synthetic00355/app.bsky.feed.post/000355,59a8eeb9de8c,user005.example.invalid,beaa651892ab,user005,2026-09-08T10:07:53Z,AI活用ハンドブックの改訂版を公開しました。ダウンロード無料。 どう思いますか？,ja,True,0,0,0,0,2,,,,,,,生成AI
at://did:plc:synthetic00112/app.bsky.feed.post/000112,4081705b7dda,user056.example.invalid,80b954b738db,user056,2026-09-16T00:46:12Z,防災士の資格講座の受講生を募集しています。締切は今月末です。,ja,True,1,0,0,0,1,,,,,,,防災
at://did:plc:synthetic00151/app.bsky.feed.post/000151,521f033c07ef,user032.example.invalid,a0935cbc1ed0,user032,2026-09-11T11:11:57Z,気になった。姫路城の入場料が改定されます。詳細は公式サイトで。 どう思いますか？,ja,True,1,0,0,0,0,,,,,,,観光
at://did:plc:synthetic00074/app.bsky.feed.post/000074,60d67f0a16bd,user103.example.invalid,604f489f69bf,user103,2026-09-14T09:15:57Z,地域の防災訓練に参加してきた。消火器の使い方を初めて体験した。 詳しくは後ほど。,ja,True,9,2,0,0,0,,,,,,,防災
at://did:plc:synthetic00031/app.bsky.feed.post/000031,83fe57727e1e,user006.example.invalid,f8ef0595a4b6,user006,2026-09-18T22:12:36Z,自治体の防災アプリで避難情報がプッシュ通知されます。インストールをおすすめします。 どう思いますか？,ja,True,3,1,0,0,0,,,,,,,防災
at://did:plc:synthetic00028/app.bsky.feed.post/000028,b7b15fff1900,user082.example.invalid,430de1ad6d37,user082,2026-09-12T11:37:05Z,今日の話題。停電時のスマホの節電方法をまとめました。低電力モードが有効です。 #防災,ja,True,2,0,0,0,0,,,,,,,防災
at://did:plc:synthetic00072/app.bsky.feed.post/000072,c007093860be,user103.example.invalid,604f489f69bf,user103,2026-09-11T18:45:16Z,ハザードマップの色分けが分かりづらい。改善を希望します。 これは大事。,ja,True,5,1,0,0,0,,,,,,,防災
at://did:plc:synthetic00299/app.bsky.feed.post/000299,090d49217e38,user107.example.invalid,ddd1c00cc6d1,user107,2026-09-19T11:02:26Z,画像生成AIの学習データの扱い、もっと透明性が必要だと思う。 詳しくは後ほど。,ja,True,0,0,0,0,0,,,,,,,生成AI
at://did:plc:synthetic00004/app.bsky.feed.post/000004,ac0ea17493dc,user112.example.invalid,8115107b4b4a,user112,2026-09-15T05:53:35Z,気象庁が台風の進路予想を更新しました。近畿地方は明日夜から暴風域に入る見込みです。 #生成AI,ja,True,28,8,6,1,2,,,,,,,防災
at://did:plc:synthetic00200/app.bsky.feed.post/000200,69214c49a671,user107.example.invalid,ddd1c00cc6d1,user107,2026-09-14T19:10:22Z,【メモ】道頓堀でたこ焼き食べ歩き。どこも行列だったけど満足。 詳しくは後ほど。,ja,True,7,1,2,0,0,,,,,,,観光
at://did:plc:synthetic00305/app.bsky.feed.post/000305,4d04db4a4ba6,user046.example.invalid,73c2cc7d243f,user046,2026-09-14T07:47:32Z,今日の話題。生成AIで作ったレポートを見抜くより、対話型の評価に変えたほうがいい。 #観光,ja,True,3,0,0,0,0,,,,,,,生成AI
at://did:plc:synthetic00215/app.bsky.feed.post/000215,7ff8f52538c3,user091.example.invalid,5ef078c3d8c4,user091,2026-09-13T09:23:20Z,ちょっと共有。奈良で鹿にせんべいをあげた。思ったより積極的で笑った。 どう思いますか？,ja,True,2,0,0,0,1,,,,,,,観光
at://did:plc:synthetic00066/app.bsky.feed.post/000066,b0e59ae7d8fa,user083.example.invalid,c3a270349d04,user083,2026-09-17T00:46:28Z,駅前の帰宅困難者対策、もっと周知したほうがいいのでは。,ja,True,7,2,0,0,0,,,,,,,防災
at://did:plc:synthetic00180/app.bsky.feed.post/000180,88f278a0c835,user097.example.invalid,8aa509dd19b9,user097,2026-09-20T03:25:12Z,ちょっと共有。有名な観光地ばかり宣伝せずに、地方の穴場ももっと紹介してほしい。 どう思いますか？,ja,True,2,0,0,0,0,,,,,,,観光
at://did:plc:synthetic00220/app.bsky.feed.post/000220,63b7e7e57a81,user032.example.invalid,a0935cbc1ed0,user032,2026-09-19T11:08:36Z,天橋立の展望台から股のぞきをしてきた。噂通りの絶景。 これは大事。,ja,True,2,0,0,0,0,,,,,,,観光
at://did:plc:synthetic00334/app.bsky.feed.post/000334,dcf1a36de648,user005.example.invalid,beaa651892ab,user005,2026-09-13T09:47:10Z,ちょっと共有。AIに数学の問題を解かせたら途中で計算間違いをしていた。 みんなも気をつけて。,ja,True,8,2,0,0,1,,,,,,,生成AI
at://did:plc:synthetic00065/app.bsky.feed.post/000065,7a827645e402,user012.example.invalid,bfcc2f63d1e2,user012,2026-09-13T11:24:38Z,気になった。駅前の帰宅困難者対策、もっと周知したほうがいいのでは。 #防災,ja,True,1,0,0,0,0,,,,,,,防災
at://did:plc:synthetic00019/app.bsky.feed.post/000019,32ce180d1da9,user028.example.invalid,cb6e7d8071c2,user028,2026-09-10T08:24:47Z,今日の話題。地震速報：震度4を観測。津波の心配はありません。 どう思いますか？,ja,True,6,1,1,0,0,,,,,,,防災
at://did:plc:synthetic00119/app.bsky.feed.post/000119,fb880700892a,user089.example.invalid,ae59ea436e1a,user089,2026-09-09T02:33:50Z,非常食セットが期間限定で20%オフ。備蓄の見直しにどうぞ。,ja,True,2,0,0,0,0,,,,,,,防災
at://did:plc:synthetic00246/app.bsky.feed.post/000246,0bcf8e8e3de5,user040.example.invalid,7b148fd607d9,user040,2026-09-10T08:01:42Z,【メモ】生成AIを授業で使うときのガイドラインが大学から公開されました。,ja,True,0,0,0,0,4,,,,,,,生成AI
at://did:plc:synthetic00021/app.bsky.feed.post/000021,546f1f6eefe5,user040.example.invalid,7b148fd607d9,user040,2026-09-16T01:58:34Z,今日の話題。大雨警報が発表されました。川の近くには近づかないでください。,ja,True,1,0,0,0,1,,,,,,,防災
at://did:plc:synthetic00193/app.bsky.feed.post/000193,6942fe79555b,user097.example.invalid,8aa509dd19b9,user097,2026-09-10T03:15:33Z,今日の話題。駅のコインロッカーが常に満杯。荷物預かり所を増やしてほしい。 #生成AI,ja,True,1,0,0,0,0,,,,,,,観光
at://did:plc:synthetic00245/app.bsky.feed.post/000245,14aecb524f4c,user004.example.invalid,ef892ecf414a,user004,2026-09-12T22:52:59Z,生成AIを授業で使うときのガイドラインが大学から公開されました。 これは大事。,ja,True,15,3,0,1,1,,,,,,,生成AI
at://did:plc:synthetic00248/app.bsky.feed.post/000248,30acef840101,user011.example.invalid,e2749b87ca12,user011,2026-09-16T03:00:00Z,【メモ】生成AIを授業で使うときのガイドラインが大学から公開されました。,ja,True,2,0,0,0,0,,,,,,,生成AI
at://did:plc:synthetic00177/app.bsky.feed.post/000177,9d2ee12d5908,user043.example.invalid,16862a35fe0d,user043,2026-09-10T23:07:32Z,ちょっと共有。夜のライトアップ、もう少し遅くまでやってくれると助かる。,ja,True,2,0,0,0,0,,,,,,,観光
at://did:plc:synthetic00137/app.bsky.feed.post/000137,934b90620a72,user117.example.invalid,e62854ec37a8,user117,2026-09-10T07:30:34Z,USJの入場者数が過去最高を更新したそうです。 これは大事。,ja,True,6,2,0,0,0,,,,,,,観光
at://did:plc:synthetic00053/app.bsky.feed.post/000053,39735c0a912e,user097.example.invalid,8aa509dd19b9,user097,2026-09-11T06:02:03Z,備忘録：外国人向けに多言語の避難情報がもっと必要だと思います。 どう思いますか？,ja,True,1,0,0,0,1,,,,,,,防災
at://did:plc:synthetic00232/app.bsky.feed.post/000232,e343d120febc,user015.example.invalid,8347c9ccdc3c,user015,2026-09-16T20:52:33Z,観光周遊バスの一日乗車券が新登場。主要スポットを巡れます。,ja,True,6,1,0,0,1,,,,,,,観光
at://did:plc:synthetic00270/app.bsky.feed.post/000270,6efe2bf59883,user076.example.invalid,1c9c09f68611,user076,2026-09-10T16:24:39Z,【メモ】生成AIの電力消費が問題になっているという記事を読んだ。 #生成AI,ja,True,3,0,0,0,4,,,,,,,生成AI
at://did:plc:synthetic00345/app.bsky.feed.post/000345,6af7a2604a64,user004.example.invalid,ef892ecf414a,user004,2026-09-14T04:18:44Z,研究室で生成AIの勉強会をやった。使い方が人によって全然違って面白い。,ja,True,3,1,0,0,0,,,,,,,生成AI
at://did:plc:synthetic00267/app.bsky.feed.post/000267,bf1dd2a40cda,user041.example.invalid,959544d8a9f4,user041,2026-09-11T02:48:16Z,AIチャットの無料枠が変更されるそうです。利用条件を確認しましょう。,ja,True,1,0,0,0,0,,,,,,,生成AI
at://did:plc:synthetic00106/app.bsky.feed.post/000106,71f7689dbd02,user017.example.invalid,e6682d93ff23,user017,2026-09-19T10:41:53Z,ちょっと共有。【お知らせ】10月5日に地域防災フェアを開催します。起震車体験もあります。,ja,True,3,0,0,0,1,,,,,,,防災
at://did:plc:synthetic00136/app.bsky.feed.post/000136,0f75ba8029fd,user006.example.invalid,f8ef0595a4b6,user006,2026-09-14T10:24:57Z,今日の話題。USJの入場者数が過去最高を更新したそうです。,ja,True,5,2,0,0,0,,,,,,,観光
at://did:plc:synthetic00238/app.bsky.feed.post/000238,36d3a755613c,user028.example.invalid,cb6e7d8071c2,user028,2026-09-17T12:47:52Z,気になった。地元グルメが集まるフードフェスを開催します。入場無料。 これは大事。,ja,True,8,2,0,0,4,,,,,,,観光
at://did:plc:synthetic00058/app.bsky.feed.post/000058,7b048e4bc9b5,user110.example.invalid,27a271075c2c,user110,2026-09-17T17:33:55Z,防災訓練が平日昼間ばかりで、働いている人が参加できないのはどうかと思う。 #生成AI,ja,True,3,1,0,0,0,,,,,,,防災
at://did:plc:synthetic00252/app.bsky.feed.post/000252,50c338314fde,user053.example.invalid,c02837ae6e3c,user053,2026-09-13T08:53:58Z,新しい画像生成モデルが発表されました。日本語の指示にも対応。 これは大事。,ja,True,1,0,0,0,0,,,,,,,生成AI
at://did:plc:synthetic00093/app.bsky.feed.post/000093,8f3126821336,user060.example.invalid,fa8e946845f5,user060,2026-09-16T07:51:08Z,速報：大雨で川の水位がすごいことになっていた。早めに帰って正解だった。,ja,True,5,2,1,0,0,,,,,,,防災
at://did:plc:synthetic00339/app.bsky.feed.post/000339,0912606a7bc0,user097.example.invalid,8aa509dd19b9,user097,2026-09-17T15:56:15Z,生成AIで作った献立が意外とまともで助かった。,ja,True,9,1,0,0,2,,,,,,,生成AI
at://did:plc:synthetic00013/app.bsky.feed.post/000013,09092206dc9e,user046.example.invalid,73c2cc7d243f,user046,2026-09-14T11:25:09Z,気になった。非常用持ち出し袋の中身リスト：水、食料、モバイルバッテリー、常備薬、懐中電灯。 みんなも気をつけて。,ja,True,1,0,0,0,0,,,,,,,防災
at://did:plc:synthetic00307/app.bsky.feed.post/000307,a2eb1f9c52e6,user013.example.invalid,67d2edfc7f83,user013,2026-09-19T03:57:20Z,備忘録：生成AIで作ったレポートを見抜くより、対話型の評価に変えたほうがいい。 #観光,ja,True,3,0,0,0,0,,,,,,,生成AI
at://did:plc:synthetic00044/app.bsky.feed.post/000044,e2efe009d43a,user104.example.invalid,bbc790b0d9bf,user104,2026-09-13T01:02:40Z,今日の話題。避難所の案内が分かりにくい。看板をもっと増やしてほしい。 これは大事。,ja,True,3,1,0,0,0,,,,,,,防災
at://did:plc:synthetic00077/app.bsky.feed.post/000077,8050e319b205,user067.example.invalid,795155c9bc0e,user067,2026-09-18T23:33:53Z,気になった。昨日の地震、揺れが長くて怖かった。家具の固定を見直そうと思う。,ja,True,3,1,0,0,0,,,,,,,防災
at://did:plc:synthetic00133/app.bsky.feed.post/000133,7bdeb6394844,user109.example.invalid,696018a7a940,user109,2026-09-16T09:44:47Z,今日の話題。奈良公園へのアクセスは近鉄奈良駅から徒歩5分です。 みんなも気をつけて。,ja,True,6,1,0,0,0,,,,,,,観光
at://did:plc:synthetic00030/app.bsky.feed.post/000030,f965458d2a85,user090.example.invalid,c8653577f0b7,user090,2026-09-09T02:13:13Z,今日の話題。自治体の防災アプリで避難情報がプッシュ通知されます。インストールをおすすめします。 どう思いますか？,ja,True,8,2,2,0,0,,,,,,,防災
at://did:plc:synthetic00049/app.bsky.feed.post/000049,8397db96c576,user046.example.invalid,73c2cc7d243f,user046,2026-09-08T11:16:24Z,高齢者の避難をどう支援するか、地域で真剣に考えるべきだと思う。,ja,True,1,0,0,0,0,,,,,,,防災
at://did:plc:synthetic00244/app.bsky.feed.post/000244,484f5e895253,user065.example.invalid,aa69d0473b39,user065,2026-09-12T03:34:07Z,ちょっと共有。観光アプリでスタンプラリー実施中。景品はオリジナルグッズ。 #観光,ja,True,2,0,0,0,0,,,,,,,観光
at://did:plc:synthetic00352/app.bsky.feed.post/000352,cd5573fd8f85,user015.example.invalid,8347c9ccdc3c,user015,2026-09-13T08:18:45Z,備忘録：生成AIを使った業務効率化ツールをリリースしました。無料トライアルあり。 #生成AI,ja,True,1,0,0,0,2,,,,,,,生成AI
at://did:plc:synthetic00331/app.bsky.feed.post/000331,448edc964b2f,user085.example.invalid,d21b863e608c,user085,2026-09-20T07:54:20Z,気になった。英語のメールをAIに添削してもらったら表現が自然になった。,ja,True,29,13,0,0,1,,,,,,,生成AI
at://did:plc:synthetic00067/app.bsky.feed.post/000067,2e52639d7408,user018.example.invalid,92c066bf55c1,user018,2026-09-07T11:03:16Z,気になった。駅前の帰宅困難者対策、もっと周知したほうがいいのでは。 #防災,ja,True,0,0,0,0,2,,,,,,,防災
at://did:plc:synthetic00109/app.bsky.feed.post/000109,62259d51eb6c,user007.example.invalid,5b7f93ad9746,user007,2026-09-09T23:57:29Z,防災グッズ特集ページを公開しました。おすすめの非常用ライトを紹介中。 #生成AI,ja,True,6,2,0,0,1,,,,,,,防災
at://did:plc:synthetic00116/app.bsky.feed.post/000116,1d403d2474ac,user064.example.invalid,bfa1485c14b7,user064,2026-09-12T12:55:33Z,今日の話題。新しい防災アプリをリリースしました。避難所の混雑状況が見られます。,ja,True,2,0,0,0,1,,,,,,,防災
at://did:plc:synthetic00088/app.bsky.feed.post/000088,23dc1f977dc9,user014.example.invalid,9ae6e8ec4af2,user014,2026-09-20T09:59:05Z,【メモ】停電を経験して、モバイルバッテリーの大切さを痛感した。,ja,True,26,8,4,0,0,,,,,,,防災
at://did:plc:synthetic00132/app.bsky.feed.post/000132,0452cf28407e,user037.example.invalid,6926aaa0bb31,user037,2026-09-11T01:12:57Z,奈良公園へのアクセスは近鉄奈良駅から徒歩5分です。,ja,True,8,1,1,0,0,,,,,,,観光
at://did:plc:synthetic00242/app.bsky.feed.post/000242,8d0080c3e340,user010.example.invalid,7f7e89b08036,user010,2026-09-09T03:58:01Z,速報：観光アプリでスタンプラリー実施中。景品はオリジナルグッズ。 これは大事。,ja,True,0,0,0,0,1,,,,,,,観光
at://did:plc:synthetic00167/app.bsky.feed.post/000167,bed9c015350b,user064.example.invalid,bfa1485c14b7,user064,2026-09-07T12:38:11Z,京都のバスが混みすぎて地元の人が乗れない。何とかしてほしい。 詳しくは後ほど。,ja,True,0,0,0,0,0,,,,,,,観光
at://did:plc:synthetic00346/app.bsky.feed.post/000346,775ce2dbd144,user041.example.invalid,959544d8a9f4,user041,2026-09-10T09:01:20Z,研究室で生成AIの勉強会をやった。使い方が人によって全然違って面白い。 #観光,ja,True,4,1,0,0,0,,,,,,,生成AI
at://did:plc:synthetic00178/app.bsky.feed.post/000178,cce087c936ed,user082.example.invalid,430de1ad6d37,user082,2026-09-19T08:01:24Z,速報：夜のライトアップ、もう少し遅くまでやってくれると助かる。 #生成AI,ja,True,6,2,0,0,0,,,,,,,観光
at://did:plc:synthetic00018/app.bsky.feed.post/000018,2b250335ecd3,user101.example.invalid,46b5b8fd85aa,user101,2026-09-20T13:02:31Z,【メモ】地震速報：震度4を観測。津波の心配はありません。 #防災,ja,True,8,3,0,0,0,,,,,,,防災
at://did:plc:synthetic00329/app.bsky.feed.post/000329,ca9111a6a79c,user034.example.invalid,8f76a37b95f1,user034,2026-09-09T13:18:12Z,【メモ】英語のメールをAIに添削してもらったら表現が自然になった。 詳しくは後ほど。,ja,True,10,2,0,0,0,,,,,,,生成AI
at://did:plc:synthetic00061/app.bsky.feed.post/000061,bc488202113b,user028.example.invalid,cb6e7d8071c2,user028,2026-09-11T12:48:27Z,ペットと一緒に避難できる避難所を増やしてほしい。 #生成AI,ja,True,1,0,0,0,0,,,,,,,防災
at://did:plc:synthetic00356/app.bsky.feed.post/000356,ef59b72fdb3a,user094.example.invalid,82cbb5f078a6,user094,2026-09-09T03:08:09Z,AI活用ハンドブックの改訂版を公開しました。ダウンロード無料。 みんなも気をつけて。,ja,True,5,0,0,0,4,,,,,,,生成AI
at://did:plc:synthetic00342/app.bsky.feed.post/000342,78f8c93800d0,user060.example.invalid,fa8e946845f5,user060,2026-09-14T01:55:33Z,ちょっと共有。AIと英会話の練習をしている。恥ずかしくないのがいい。 詳しくは後ほど。,ja,True,2,0,0,0,0,,,,,,,生成AI
at://did:plc:synthetic00283/app.bsky.feed.post/000283,5e01da85cac0,user110.example.invalid,27a271075c2c,user110,2026-09-08T18:55:44Z,速報：大学の講義で生成AIの活用事例が紹介されました。 #防災,ja,True,23,9,1,1,2,,,,,,,生成AI
at://did:plc:synthetic00273/app.bsky.feed.post/000273,b297b55833b8,user065.example.invalid,aa69d0473b39,user065,2026-09-16T03:59:34Z,国内企業の生成AI導入率は約4割とのこと。 これは大事。,ja,True,4,1,0,0,2,,,,,,,生成AI
at://did:plc:synthetic00181/app.bsky.feed.post/000181,5422353cd7ac,user024.example.invalid,b81a1e406c5e,user024,2026-09-18T03:21:09Z,ちょっと共有。有名な観光地ばかり宣伝せずに、地方の穴場ももっと紹介してほしい。,ja,True,19,5,3,0,0,,,,,,,観光
at://did:plc:synthetic00183/app.bsky.feed.post/000183,b858b7947604,user038.example.invalid,c8fc7be3e77e,user038,2026-09-14T09:10:00Z,速報：キャッシュレス対応していない店が多くて外国人観光客が困っていた。,ja,True,2,0,0,0,0,,,,,,,観光
at://did:plc:synthetic00123/app.bsky.feed.post/000123,ebbb134e5b39,user098.example.invalid,96744422361c,user098,2026-09-12T19:48:52Z,ちょっと共有。京都の紅葉は11月中旬から見頃になりそうです。今年は少し遅めの予想。,ja,True,2,0,0,0,0,,,,,,,観光
at://did:plc:synthetic00111/app.bsky.feed.post/000111,6305848bbf66,user032.example.invalid,a0935cbc1ed0,user032,2026-09-16T04:36:55Z,防災士の資格講座の受講生を募集しています。締切は今月末です。,ja,True,0,0,0,0,0,,,,,,,防災
at://did:plc:synthetic00216/app.bsky.feed.post/000216,da6080d1f3df,user045.example.invalid,c68f0a3d473f,user045,2026-09-09T22:08:14Z,奈良で鹿にせんべいをあげた。思ったより積極的で笑った。,ja,True,3,1,0,0,1,,,,,,,観光
at://did:plc:synthetic00239/app.bsky.feed.post/000239,952019db5a6d,user035.example.invalid,fe68a842047a,user035,2026-09-13T06:36:02Z,夜景クルーズの秋便を運航中。予約はウェブサイトから。,ja,True,1,0,0,0,0,,,,,,,観光
at://did:plc:synthetic00134/app.bsky.feed.post/000134,9b365e2b896b,user077.example.invalid,acdfe3febe15,user077,2026-09-08T12:33:42Z,奈良公園へのアクセスは近鉄奈良駅から徒歩5分です。 これは大事。,ja,True,2,0,0,0,0,,,,,,,観光
at://did:plc:synthetic00164/app.bsky.feed.post/000164,54d3abf641da,user006.example.invalid,f8ef0595a4b6,user006,2026-09-13T02:01:01Z,観光地のゴミ箱が少なすぎる。オーバーツーリズム対策としてもっと設置してほしい。 詳しくは後ほど。,ja,True,0,0,0,0,0,,,,,,,観光
at://did:plc:synthetic00165/app.bsky.feed.post/000165,346243f8b12a,user006.example.invalid,f8ef0595a4b6,user006,2026-09-20T00:38:31Z,観光地のゴミ箱が少なすぎる。オーバーツーリズム対策としてもっと設置してほしい。 これは大事。,ja,True,2,0,0,0,0,,,,,,,観光
at://did:plc:synthetic00022/app.bsky.feed.post/000022,6bea1ccb0a86,user078.example.invalid,54800e38f8b1,user078,2026-09-11T09:13:21Z,今日の話題。大雨警報が発表されました。川の近くには近づかないでください。 詳しくは後ほど。,ja,True,1,0,0,0,1,,,,,,,防災
at://did:plc:synthetic00139/app.bsky.feed.post/000139,8f4be03613bf,user049.example.invalid,532a50573dff,user049,2026-09-12T02:47:29Z,関西空港からのリムジンバスの時刻表が改正されました。 これは大事。,ja,True,5,2,0,0,0,,,,,,,観光
at://did:plc:synthetic00353/app.bsky.feed.post/000353,c3765393175e,user043.example.invalid,16862a35fe0d,user043,2026-09-10T01:18:23Z,今日の話題。生成AIを使った業務効率化ツールをリリースしました。無料トライアルあり。 みんなも気をつけて。,ja,True,0,0,0,0,0,,,,,,,生成AI
at://did:plc:synthetic00336/app.bsky.feed.post/000336,a437a39746be,user078.example.invalid,54800e38f8b1,user078,2026-09-16T04:10:46Z,AIに数学の問題を解かせたら途中で計算間違いをしていた。 これは大事。,ja,True,0,0,0,0,0,,,,,,,生成AI
at://did:plc:synthetic00201/app.bsky.feed.post/000201,17df20338399,user064.example.invalid,bfa1485c14b7,user064,2026-09-11T00:16:32Z,道頓堀でたこ焼き食べ歩き。どこも行列だったけど満足。 #観光,ja,True,4,1,0,0,4,,,,,,,観光
at://did:plc:synthetic00163/app.bsky.feed.post/000163,2dde3a3fc061,user009.example.invalid,e3adc91f1de6,user009,2026-09-12T21:24:14Z,【メモ】観光地のゴミ箱が少なすぎる。オーバーツーリズム対策としてもっと設置してほしい。 みんなも気をつけて。,ja,True,3,0,0,0,0,,,,,,,観光
at://did:plc:synthetic00068/app.bsky.feed.post/000068,2d90cf24cab8,user074.example.invalid,e9f22237e35e,user074,2026-09-14T22:15:23Z,今日の話題。駅前の帰宅困難者対策、もっと周知したほうがいいのでは。 どう思いますか？,ja,True,26,8,2,1,0,,,,,,,防災
at://did:plc:synthetic00294/app.bsky.feed.post/000294,cc61a6a26e83,user044.example.invalid,ac03ee6521b8,user044,2026-09-07T07:59:33Z,速報：AIに仕事を奪われるという話より、どう使いこなすかを考えたい。 #生成AI,ja,True,1,0,0,0,0,,,,,,,生成AI
at://did:plc:synthetic00166/app.bsky.feed.post/000166,24b8df6567cd,user118.example.invalid,d8d1c5bc9011,user118,2026-09-13T08:57:53Z,速報：観光地のゴミ箱が少なすぎる。オーバーツーリズム対策としてもっと設置してほしい。 #生成AI,ja,True,4,1,1,0,0,,,,,,,観光
at://did:plc:synthetic00076/app.bsky.feed.post/000076,16571fd644a3,user051.example.invalid,3cb2f308814d,user051,2026-09-14T03:11:05Z,気になった。地域の防災訓練に参加してきた。消火器の使い方を初めて体験した。 これは大事。,ja,True,1,0,0,0,1,,,,,,,防災
at://did:plc:synthetic00002/app.bsky.feed.post/000002,c17f2c38448d,user105.example.invalid,97727a674749,user105,2026-09-20T08:51:42Z,備忘録：気象庁が台風の進路予想を更新しました。近畿地方は明日夜から暴風域に入る見込みです。 #防災,ja,True,16,4,1,0,0,,,,,,,防災
at://did:plc:synthetic00191/app.bsky.feed.post/000191,54b63a546fe7,user024.example.invalid,b81a1e406c5e,user024,2026-09-10T10:18:41Z,速報：駅のコインロッカーが常に満杯。荷物預かり所を増やしてほしい。,ja,True,4,1,0,0,0,,,,,,,観光
at://did:plc:synthetic00359/app.bsky.feed.post/000359,73fafa91cf0b,user105.example.invalid,97727a674749,user105,2026-09-10T10:47:54Z,学生向けAIハッカソンの参加者を募集中。賞金あり。 詳しくは後ほど。,ja,True,7,1,0,0,4,,,,,,,生成AI
at://did:plc:synthetic00318/app.bsky.feed.post/000318,f7d5c3058cd6,user097.example.invalid,8aa509dd19b9,user097,2026-09-13T02:14:07Z,ちょっと共有。生成AIにプログラムのエラー原因を説明してもらったら、すごく学習しやすかった。 どう思いますか？,ja,True,1,0,0,0,2,,,,,,,生成AI
at://did:plc:synthetic00001/app.bsky.feed.post/000001,3c986ed7a51e,user054.example.invalid,6b27d981a815,user054,2026-09-12T13:17:05Z,気象庁が台風の進路予想を更新しました。近畿地方は明日夜から暴風域に入る見込みです。 #生成AI,ja,True,38,12,8,2,0,,,,,,,防災
at://did:plc:synthetic00142/app.bsky.feed.post/000142,471dfc6cf947,user094.example.invalid,82cbb5f078a6,user094,2026-09-11T08:07:47Z,関西空港からのリムジンバスの時刻表が改正されました。 どう思いますか？,ja,True,3,0,0,0,0,,,,,,,観光
at://did:plc:synthetic00170/app.bsky.feed.post/000170,698cf5ecb78d,user066.example.invalid,57160d58360f,user066,2026-09-16T11:46:39Z,【メモ】京都のバスが混みすぎて地元の人が乗れない。何とかしてほしい。,ja,True,11,2,1,0,0,,,,,,,観光
at://did:plc:synthetic00124/app.bsky.feed.post/000124,5beedc7f86b4,user091.example.invalid,5ef078c3d8c4,user091,2026-09-16T10:03:40Z,京都の紅葉は11月中旬から見頃になりそうです。今年は少し遅めの予想。 詳しくは後ほど。,ja,True,4,0,0,0,0,,,,,,,観光
at://did:plc:synthetic00281/app.bsky.feed.post/000281,6f4ca0ecdfab,user072.example.invalid,d588ac4b9124,user072,2026-09-13T04:44:43Z,ちょっと共有。大学の講義で生成AIの活用事例が紹介されました。 詳しくは後ほど。,ja,True,16,2,0,1,1,,,,,,,生成AI
