post_uri,post_id,author_handle,author_id,author_name,created_at,text,langs,is_japanese,like_count,repost_count,reply_count,quote_count,image_count,image_urls,image_thumbs,image_alts,video_thumb,external_url,external_title,labels,query
at://did:plc:syntheticen00214/app.bsky.feed.post/000214,ac8591c8dc50,user003.example.invalid,1bafcb67e300,user003,2026-09-18T07:36:48Z,Coral bleaching has reached the worst level ever recorded in the Pacific.,en,False,20,5,0,0,0,,,,,,,,climate
at://did:plc:syntheticen00004/app.bsky.feed.post/000004,10a83a5f819f,user059.example.invalid,ec83458cb22c,user059,2026-09-21T16:31:11Z,Polls open tomorrow in the national election. Turnout expected to be the highest in decades.,en,False,1,0,0,0,0,,,,,,,,election
at://did:plc:syntheticen00060/app.bsky.feed.post/000060,114cd280615b,user008.example.invalid,831b8c438fd7,user008,2026-09-21T15:01:46Z,"Thread: The new government promises to focus on jobs, healthcare and energy prices.",en,False,2,0,0,0,0,,,,,,,,election
at://did:plc:syntheticen00010/app.bsky.feed.post/000010,3b96ffba4266,user073.example.invalid,8d0ff0d03692,user073,2026-09-28T13:21:49Z,The opposition party gained seats in parliament after a tight vote count. (via Brazil),en,False,2,0,0,0,0,,,,,,,,election
at://did:plc:syntheticen00035/app.bsky.feed.post/000035,34a35b084749,user032.example.invalid,a0935cbc1ed0,user032,2026-09-18T19:03:28Z,"Thread: Young voters turned out in record numbers, according to early exit polls. #world (via the United States)",en,False,5,1,0,0,0,,,,,,,,election
at://did:plc:syntheticen00227/app.bsky.feed.post/000227,0c6d784bf5e9,user043.example.invalid,16862a35fe0d,user043,2026-09-28T21:22:19Z,Thread: Flooding in Europe left towns under water after days of heavy rain. This matters.,en,False,7,1,0,0,0,,,,,,,,climate
at://did:plc:syntheticen00106/app.bsky.feed.post/000106,073abd3152ed,user035.example.invalid,fe68a842047a,user035,2026-09-26T09:17:04Z,Live: A court rejected the challenge to the election results. Full story in the link.,en,False,7,1,1,0,0,,,,,,,,election
at://did:plc:syntheticen00018/app.bsky.feed.post/000018,4439389670f2,user026.example.invalid,49a25ec40ce4,user026,2026-09-23T18:53:07Z,Election officials say results will be certified by Friday. #election This matters.,en,False,129,37,6,10,0,,,,,,,,election
at://did:plc:syntheticen00111/app.bsky.feed.post/000111,b8a0bdae05d6,user003.example.invalid,1bafcb67e300,user003,2026-09-17T17:48:44Z,The campaign focused on security and the economy. #world (via Australia),en,False,13,4,1,0,0,,,,,,,,election
at://did:plc:syntheticen00181/app.bsky.feed.post/000181,24fe279571dd,user029.example.invalid,abe924ab6980,user029,2026-09-19T18:56:32Z,The city announced a plan to plant one million trees to fight urban heat. (via Australia),en,False,0,0,0,0,0,,,,,,,,climate
at://did:plc:syntheticen00071/app.bsky.feed.post/000071,508c187c53bc,user010.example.invalid,7f7e89b08036,user010,2026-09-28T20:44:53Z,Breaking: The electoral commission reported minor delays at polling stations in rural areas. This matters.,en,False,7,1,1,0,0,,,,,,,,election
at://did:plc:syntheticen00021/app.bsky.feed.post/000021,c2b26b44016d,user017.example.invalid,e6682d93ff23,user017,2026-09-20T07:21:40Z,Breaking: Candidates clashed over inflation and housing in the final debate before the election. (via India),en,False,1,0,0,0,0,,,,,,,,election
at://did:plc:syntheticen00011/app.bsky.feed.post/000011,8139ab0a924e,user051.example.invalid,3cb2f308814d,user051,2026-09-16T22:15:09Z,The opposition party gained seats in parliament after a tight vote count. This matters.,en,False,4,0,0,0,0,,,,,,,,election
at://did:plc:syntheticen00210/app.bsky.feed.post/000210,acb1e02cf50e,user053.example.invalid,c02837ae6e3c,user053,2026-09-17T04:26:02Z,Live: A heat wave in India pushed electricity demand to a record high. What do you think?,en,False,4,1,0,0,0,,,,,,,,climate
at://did:plc:syntheticen00077/app.bsky.feed.post/000077,1577b231c75a,user026.example.invalid,49a25ec40ce4,user026,2026-09-20T06:54:54Z,Analysts say the coalition talks could take weeks after the election result. (via Germany),en,False,1,0,0,0,0,,,,,,,,election
at://did:plc:syntheticen00144/app.bsky.feed.post/000144,1152b62b919d,user058.example.invalid,3f352d51c8fd,user058,2026-09-27T08:22:46Z,Update: Wildfires forced thousands to evacuate as temperatures hit 45 degrees.,en,False,5,2,0,0,0,,,,,,,,climate
at://did:plc:syntheticen00218/app.bsky.feed.post/000218,3599dd982ddc,user035.example.invalid,fe68a842047a,user035,2026-09-23T00:21:30Z,Live: The summit agreed to a fund for loss and damage from climate disasters. #world,en,False,5,0,1,0,0,,,,,,,,climate
at://did:plc:syntheticen00180/app.bsky.feed.post/000180,c39f0431e935,user075.example.invalid,beddc8da6eaa,user075,2026-09-23T08:56:43Z,Farmers in Africa face a third year of drought as the rainy season fails. #news (via Brazil),en,False,21,2,1,1,0,,,,,,,,climate
at://did:plc:syntheticen00233/app.bsky.feed.post/000233,8ba077f8f5ac,user034.example.invalid,8f76a37b95f1,user034,2026-09-22T11:00:36Z,Update: Electric vehicle sales rose 40 percent as governments cut subsidies for petrol cars. #news (via Indonesia),en,False,1,0,0,0,0,,,,,,,,climate
at://did:plc:syntheticen00059/app.bsky.feed.post/000059,46e47d04582d,user025.example.invalid,65a749c515b5,user025,2026-09-25T00:40:13Z,"Just read this - The new government promises to focus on jobs, healthcare and energy prices. #world (via Australia)",en,False,3,0,0,0,0,,,,,,,,election
at://did:plc:syntheticen00050/app.bsky.feed.post/000050,6195a623d1be,user034.example.invalid,8f76a37b95f1,user034,2026-09-26T06:32:39Z,Misinformation about voting hours spread on social media before the election. Full story in the link. (via Canada),en,False,1,0,0,0,0,,,,,,,,election
at://did:plc:syntheticen00202/app.bsky.feed.post/000202,c078e7395252,user049.example.invalid,532a50573dff,user049,2026-09-15T20:15:50Z,The carbon tax debate dominated the climate talks on day three. Full story in the link. (via Canada),en,False,1,0,0,0,0,,,,,,,,climate
at://did:plc:syntheticen00124/app.bsky.feed.post/000124,e30c1fff7760,user037.example.invalid,6926aaa0bb31,user037,2026-09-23T10:09:27Z,Just read this - Record heat across southern Europe as the climate summit opens in Geneva.,en,False,11,3,1,0,0,,,,,,,,climate
at://did:plc:syntheticen00120/app.bsky.feed.post/000120,15c508f53cea,user039.example.invalid,898bca544702,user039,2026-09-17T15:08:55Z,Update: Parliament will meet next week to elect a new speaker.,en,False,87,15,18,4,0,,,,,,,,election
at://did:plc:syntheticen00096/app.bsky.feed.post/000096,46326232fe1a,user040.example.invalid,7b148fd607d9,user040,2026-09-17T00:57:33Z,Live: International media are covering the election from the capital. This matters.,en,False,11,4,1,0,0,,,,,,,,election
at://did:plc:syntheticen00192/app.bsky.feed.post/000192,933cfd83729f,user056.example.invalid,80b954b738db,user056,2026-09-26T14:44:24Z,Activists marched through the capital demanding faster climate action. Full story in the link.,en,False,3,1,0,0,0,,,,,,,,climate
at://did:plc:syntheticen00174/app.bsky.feed.post/000174,0904a240a457,user072.example.invalid,d588ac4b9124,user072,2026-09-18T02:44:54Z,"Just read this - Solar power capacity doubled in two years, according to the energy agency. This matters.",en,False,2,0,0,0,0,,,,,,,,climate
at://did:plc:syntheticen00041/app.bsky.feed.post/000041,53dba3ef4a55,user027.example.invalid,5ad093b864b6,user027,2026-09-21T08:54:06Z,A recount was requested in three districts after a narrow margin.,en,False,0,0,0,0,0,,,,,,,,election
at://did:plc:syntheticen00146/app.bsky.feed.post/000146,4d99f1ffd34e,user016.example.invalid,9c11e7938e1e,user016,2026-09-21T18:52:30Z,Breaking: A new report links extreme rainfall in Asia to a warming ocean. Full story in the link.,en,False,2,0,0,0,0,,,,,,,,climate
at://did:plc:syntheticen00219/app.bsky.feed.post/000219,f4305534730f,user013.example.invalid,67d2edfc7f83,user013,2026-09-16T03:46:11Z,The summit agreed to a fund for loss and damage from climate disasters.,en,False,2,0,0,0,0,,,,,,,,climate
at://did:plc:syntheticen00119/app.bsky.feed.post/000119,c722a1074742,user024.example.invalid,b81a1e406c5e,user024,2026-09-18T09:20:54Z,Parliament will meet next week to elect a new speaker. What do you think?,en,False,10,4,1,0,0,,,,,,,,election
at://did:plc:syntheticen00228/app.bsky.feed.post/000228,b8b0b5d3cdf2,user078.example.invalid,54800e38f8b1,user078,2026-09-22T10:15:23Z,Flooding in Europe left towns under water after days of heavy rain. #news,en,False,8,2,0,0,0,,,,,,,,climate
at://did:plc:syntheticen00209/app.bsky.feed.post/000209,b16b62743513,user025.example.invalid,65a749c515b5,user025,2026-09-20T17:44:05Z,Thread: A heat wave in India pushed electricity demand to a record high. (via Brazil),en,False,24,7,1,1,0,,,,,,,,climate
at://did:plc:syntheticen00007/app.bsky.feed.post/000007,4f40f17103be,user058.example.invalid,3f352d51c8fd,user058,2026-09-28T17:39:19Z,The opposition party gained seats in parliament after a tight vote count. Full story in the link. (via the United States),en,False,5,1,0,0,0,,,,,,,,election
at://did:plc:syntheticen00221/app.bsky.feed.post/000221,1b0893038fe0,user052.example.invalid,7adcce767154,user052,2026-09-23T05:46:00Z,Just read this - The summit agreed to a fund for loss and damage from climate disasters. What do you think?,en,False,37,10,6,1,0,,,,,,,,climate
at://did:plc:syntheticen00137/app.bsky.feed.post/000137,87246f9453a5,user074.example.invalid,e9f22237e35e,user074,2026-09-15T18:08:58Z,Update: The climate summit ended with a pledge to triple renewable energy by 2030.,en,False,2,0,0,0,0,,,,,,,,climate
at://did:plc:syntheticen00132/app.bsky.feed.post/000132,7e46ac762ba2,user033.example.invalid,e0d8a1baca98,user033,2026-09-17T18:40:20Z,Scientists warn that sea level rise is accelerating faster than expected. #climate (via Germany),en,False,4,1,0,0,0,,,,,,,,climate
at://did:plc:syntheticen00193/app.bsky.feed.post/000193,76e7293178f8,user045.example.invalid,c68f0a3d473f,user045,2026-09-15T14:14:57Z,Melting glaciers threaten water supplies for millions in South Asia. Full story in the link.,en,False,0,0,0,0,0,,,,,,,,climate
at://did:plc:syntheticen00075/app.bsky.feed.post/000075,54242ede5c64,user001.example.invalid,c23162ffc1a5,user001,2026-09-16T10:46:35Z,Update: Analysts say the coalition talks could take weeks after the election result.,en,False,5,1,0,0,0,,,,,,,,election
at://did:plc:syntheticen00056/app.bsky.feed.post/000056,99f16526da8a,user056.example.invalid,80b954b738db,user056,2026-09-28T16:39:52Z,"The new government promises to focus on jobs, healthcare and energy prices. What do you think?",en,False,5,1,0,0,0,,,,,,,,election
at://did:plc:syntheticen00029/app.bsky.feed.post/000029,172727cda61d,user020.example.invalid,cd4cd7099d43,user020,2026-09-15T11:00:17Z,Observers from the EU praised the transparency of the vote in the capital. (via Germany),en,False,8,2,1,0,0,,,,,,,,election
at://did:plc:syntheticen00217/app.bsky.feed.post/000217,3f0f6169105c,user022.example.invalid,562256751f95,user022,2026-09-20T02:37:27Z,Live: The summit agreed to a fund for loss and damage from climate disasters. #world (via Indonesia),en,False,4,1,0,0,0,,,,,,,,climate
at://did:plc:syntheticen00229/app.bsky.feed.post/000229,9c5ca0fc6bf3,user067.example.invalid,795155c9bc0e,user067,2026-09-24T16:23:15Z,Live: Electric vehicle sales rose 40 percent as governments cut subsidies for petrol cars.,en,False,2,0,0,0,0,,,,,,,,climate
at://did:plc:syntheticen00022/app.bsky.feed.post/000022,591ef20b7be5,user020.example.invalid,cd4cd7099d43,user020,2026-09-20T13:03:32Z,Update: Candidates clashed over inflation and housing in the final debate before the election.,en,False,14,2,1,1,0,,,,,,,,election
at://did:plc:syntheticen00014/app.bsky.feed.post/000014,02d844a8e5d5,user004.example.invalid,ef892ecf414a,user004,2026-09-20T00:25:37Z,Just read this - Election officials say results will be certified by Friday. #election Full story in the link. (via Germany),en,False,0,0,0,0,0,,,,,,,,election
at://did:plc:syntheticen00043/app.bsky.feed.post/000043,079a91510f55,user067.example.invalid,795155c9bc0e,user067,2026-09-24T23:52:16Z,The prime minister conceded defeat and congratulated the winner. (via France),en,False,1,0,0,0,0,,,,,,,,election
at://did:plc:syntheticen00005/app.bsky.feed.post/000005,0ff10296c04a,user010.example.invalid,7f7e89b08036,user010,2026-09-20T13:37:14Z,Breaking: Polls open tomorrow in the national election. Turnout expected to be the highest in decades.,en,False,2,0,0,0,0,,,,,,,,election
at://did:plc:syntheticen00024/app.bsky.feed.post/000024,3076cdab731e,user036.example.invalid,43d1ba400888,user036,2026-09-27T12:19:28Z,Live: Candidates clashed over inflation and housing in the final debate before the election.,en,False,4,1,0,0,0,,,,,,,,election
at://did:plc:syntheticen00054/app.bsky.feed.post/000054,9d95aee6400d,user076.example.invalid,1c9c09f68611,user076,2026-09-15T19:57:52Z,Live: Misinformation about voting hours spread on social media before the election. #world,en,False,15,4,0,1,0,,,,,,,,election
at://did:plc:syntheticen00200/app.bsky.feed.post/000200,8cec5a7ff956,user056.example.invalid,80b954b738db,user056,2026-09-23T23:22:44Z,Live: The carbon tax debate dominated the climate talks on day three.,en,False,0,0,0,0,0,,,,,,,,climate
at://did:plc:syntheticen00203/app.bsky.feed.post/000203,22759a1ff2c1,user055.example.invalid,d89955edcd4b,user055,2026-09-23T19:42:45Z,Just read this - The carbon tax debate dominated the climate talks on day three.,en,False,1,0,0,0,0,,,,,,,,climate
at://did:plc:syntheticen00087/app.bsky.feed.post/000087,09d91cd0498e,user041.example.invalid,959544d8a9f4,user041,2026-09-24T19:42:41Z,Live: The president's party lost its majority in the senate. What do you think? (via Japan),en,False,5,1,1,0,0,,,,,,,,election
at://did:plc:syntheticen00205/app.bsky.feed.post/000205,fd2dec616f6e,user001.example.invalid,c23162ffc1a5,user001,2026-09-20T17:02:39Z,Update: A heat wave in India pushed electricity demand to a record high. (via Japan),en,False,6,1,1,0,0,,,,,,,,climate
at://did:plc:syntheticen00194/app.bsky.feed.post/000194,122bad61ac87,user058.example.invalid,3f352d51c8fd,user058,2026-09-23T22:31:32Z,Update: Melting glaciers threaten water supplies for millions in South Asia. What do you think? (via the United States),en,False,59,17,11,1,0,,,,,,,,climate
at://did:plc:syntheticen00073/app.bsky.feed.post/000073,7edfd9904295,user064.example.invalid,bfa1485c14b7,user064,2026-09-22T16:47:21Z,Breaking: Analysts say the coalition talks could take weeks after the election result.,en,False,2,0,0,0,0,,,,,,,,election
at://did:plc:syntheticen00025/app.bsky.feed.post/000025,b6258f90d53e,user010.example.invalid,7f7e89b08036,user010,2026-09-25T19:50:34Z,Breaking: Observers from the EU praised the transparency of the vote in the capital. Full story in the link.,en,False,0,0,0,0,0,,,,,,,,election
at://did:plc:syntheticen00016/app.bsky.feed.post/000016,f1d4b7c31d29,user004.example.invalid,ef892ecf414a,user004,2026-09-17T18:46:27Z,Breaking: Election officials say results will be certified by Friday. #election What do you think?,en,False,3,1,0,0,0,,,,,,,,election
at://did:plc:syntheticen00235/app.bsky.feed.post/000235,a98b221712be,user006.example.invalid,f8ef0595a4b6,user006,2026-09-26T09:19:22Z,A UN report says the world is off track to meet the 1.5 degree target. #news (via Brazil),en,False,51,21,13,0,0,,,,,,,,climate
at://did:plc:syntheticen00130/app.bsky.feed.post/000130,d2dc69e1b5e1,user053.example.invalid,c02837ae6e3c,user053,2026-09-18T11:21:18Z,Update: Scientists warn that sea level rise is accelerating faster than expected. #climate #world (via Japan),en,False,21,6,0,0,0,,,,,,,,climate
at://did:plc:syntheticen00052/app.bsky.feed.post/000052,d09cc1258f7a,user003.example.invalid,1bafcb67e300,user003,2026-09-20T03:43:37Z,Breaking: Misinformation about voting hours spread on social media before the election. What do you think? (via Kenya),en,False,1,0,0,0,0,,,,,,,,election
at://did:plc:syntheticen00230/app.bsky.feed.post/000230,42c6956430db,user012.example.invalid,bfcc2f63d1e2,user012,2026-09-16T23:49:20Z,Live: Electric vehicle sales rose 40 percent as governments cut subsidies for petrol cars.,en,False,0,0,0,0,0,,,,,,,,climate
at://did:plc:syntheticen00199/app.bsky.feed.post/000199,91318abd0679,user038.example.invalid,c8fc7be3e77e,user038,2026-09-21T22:48:40Z,Thread: The carbon tax debate dominated the climate talks on day three. Full story in the link. (via India),en,False,2,0,0,0,0,,,,,,,,climate
at://did:plc:syntheticen00028/app.bsky.feed.post/000028,6a734146dc47,user030.example.invalid,a5bec08d2a42,user030,2026-09-22T09:19:42Z,Live: Observers from the EU praised the transparency of the vote in the capital. This matters.,en,False,3,1,0,0,0,,,,,,,,election
at://did:plc:syntheticen00160/app.bsky.feed.post/000160,96ccdab7be0b,user047.example.invalid,f276d0103a28,user047,2026-09-19T19:25:58Z,"The typhoon season has been unusually strong this year, meteorologists say. #world",en,False,0,0,0,0,0,,,,,,,,climate
at://did:plc:syntheticen00095/app.bsky.feed.post/000095,0578c6cdd834,user049.example.invalid,532a50573dff,user049,2026-09-17T21:46:04Z,Breaking: International media are covering the election from the capital. What do you think?,en,False,1,0,0,0,0,,,,,,,,election
at://did:plc:syntheticen00086/app.bsky.feed.post/000086,efdde89bed69,user048.example.invalid,bea85fdef708,user048,2026-09-18T20:11:09Z,Live: The president's party lost its majority in the senate. (via Canada),en,False,2,0,0,0,0,,,,,,,,election
at://did:plc:syntheticen00107/app.bsky.feed.post/000107,088d4abc2a73,user025.example.invalid,65a749c515b5,user025,2026-09-17T09:25:38Z,A court rejected the challenge to the election results.,en,False,1,0,0,0,0,,,,,,,,election
at://did:plc:syntheticen00113/app.bsky.feed.post/000113,2d50e9883a73,user048.example.invalid,bea85fdef708,user048,2026-09-21T14:13:30Z,Just read this - The campaign focused on security and the economy.,en,False,3,0,0,0,0,,,,,,,,election
at://did:plc:syntheticen00102/app.bsky.feed.post/000102,dc974b864b56,user074.example.invalid,e9f22237e35e,user074,2026-09-21T16:06:49Z,"Election day was calm, with long lines in the morning and quick counting at night. (via the United States)",en,False,23,10,1,0,0,,,,,,,,election
at://did:plc:syntheticen00006/app.bsky.feed.post/000006,e8dda1b54c39,user045.example.invalid,c68f0a3d473f,user045,2026-09-16T14:08:04Z,Polls open tomorrow in the national election. Turnout expected to be the highest in decades. This matters. (via the United States),en,False,8,2,1,0,0,,,,,,,,election
at://did:plc:syntheticen00198/app.bsky.feed.post/000198,8d4ba5681af2,user002.example.invalid,e3ce8de04a92,user002,2026-09-21T19:33:07Z,Melting glaciers threaten water supplies for millions in South Asia.,en,False,0,0,0,0,0,,,,,,,,climate
at://did:plc:syntheticen00207/app.bsky.feed.post/000207,d6950a755455,user039.example.invalid,898bca544702,user039,2026-09-24T14:32:37Z,A heat wave in India pushed electricity demand to a record high. #news,en,False,2,0,0,0,0,,,,,,,,climate
at://did:plc:syntheticen00055/app.bsky.feed.post/000055,a0415c462b83,user059.example.invalid,ec83458cb22c,user059,2026-09-25T05:25:17Z,"Live: The new government promises to focus on jobs, healthcare and energy prices. This matters. (via the United States)",en,False,49,6,11,0,0,,,,,,,,election
at://did:plc:syntheticen00232/app.bsky.feed.post/000232,e042a7203f45,user004.example.invalid,ef892ecf414a,user004,2026-09-23T21:34:31Z,Live: Electric vehicle sales rose 40 percent as governments cut subsidies for petrol cars. What do you think?,en,False,0,0,0,0,0,,,,,,,,climate
at://did:plc:syntheticen00128/app.bsky.feed.post/000128,81f445edc219,user048.example.invalid,bea85fdef708,user048,2026-09-15T01:09:54Z,Live: Scientists warn that sea level rise is accelerating faster than expected. #climate (via Germany),en,False,39,17,1,1,0,,,,,,,,climate
at://did:plc:syntheticen00079/app.bsky.feed.post/000079,b26a581ae6e0,user032.example.invalid,a0935cbc1ed0,user032,2026-09-28T11:25:50Z,Live: Voter registration closed today with two million new registrations.,en,False,2,0,0,0,0,,,,,,,,election
at://did:plc:syntheticen00064/app.bsky.feed.post/000064,3133777c6e3f,user049.example.invalid,532a50573dff,user049,2026-09-28T15:43:09Z,Live: Protesters gathered outside parliament demanding a fair election. What do you think? (via France),en,False,5,0,0,0,0,,,,,,,,election
at://did:plc:syntheticen00164/app.bsky.feed.post/000164,e51848c8b9b2,user057.example.invalid,88cad79114dd,user057,2026-09-24T04:36:19Z,Update: Island nations call for climate finance to protect coastal communities. What do you think?,en,False,50,7,1,1,0,,,,,,,,climate
at://did:plc:syntheticen00126/app.bsky.feed.post/000126,6b3a284efd1a,user039.example.invalid,898bca544702,user039,2026-09-18T03:56:35Z,Thread: Record heat across southern Europe as the climate summit opens in Geneva.,en,False,3,0,0,0,0,,,,,,,,climate
at://did:plc:syntheticen00188/app.bsky.feed.post/000188,3ff82a9dc183,user014.example.invalid,9ae6e8ec4af2,user014,2026-09-17T06:04:46Z,Activists marched through the capital demanding faster climate action. Full story in the link. (via the United States),en,False,1,0,0,0,0,,,,,,,,climate
at://did:plc:syntheticen00240/app.bsky.feed.post/000240,de42e5ffa405,user037.example.invalid,6926aaa0bb31,user037,2026-09-23T08:38:16Z,Breaking: A UN report says the world is off track to meet the 1.5 degree target. (via Canada),en,False,0,0,0,0,0,,,,,,,,climate
at://did:plc:syntheticen00115/app.bsky.feed.post/000115,f3055ad830cf,user009.example.invalid,e3adc91f1de6,user009,2026-09-17T11:25:46Z,Just read this - Parliament will meet next week to elect a new speaker. Full story in the link. (via India),en,False,3,1,0,0,0,,,,,,,,election
at://did:plc:syntheticen00133/app.bsky.feed.post/000133,c5d33d4f8c6d,user022.example.invalid,562256751f95,user022,2026-09-18T19:53:36Z,The climate summit ended with a pledge to triple renewable energy by 2030.,en,False,0,0,0,0,0,,,,,,,,climate
at://did:plc:syntheticen00042/app.bsky.feed.post/000042,2d1db8cc7f85,user043.example.invalid,16862a35fe0d,user043,2026-09-16T01:18:19Z,Update: A recount was requested in three districts after a narrow margin. (via India),en,False,0,0,0,0,0,,,,,,,,election
at://did:plc:syntheticen00125/app.bsky.feed.post/000125,8c6cc4bc9b60,user064.example.invalid,bfa1485c14b7,user064,2026-09-22T09:41:05Z,Thread: Record heat across southern Europe as the climate summit opens in Geneva. Full story in the link. (via France),en,False,5,2,0,0,0,,,,,,,,climate
at://did:plc:syntheticen00070/app.bsky.feed.post/000070,a5dc32c6d078,user060.example.invalid,fa8e946845f5,user060,2026-09-24T23:26:27Z,Thread: The electoral commission reported minor delays at polling stations in rural areas. What do you think? (via Australia),en,False,0,0,0,0,0,,,,,,,,election
at://did:plc:syntheticen00204/app.bsky.feed.post/000204,91e5805660a3,user048.example.invalid,bea85fdef708,user048,2026-09-26T04:18:35Z,The carbon tax debate dominated the climate talks on day three.,en,False,2,0,0,0,0,,,,,,,,climate
at://did:plc:syntheticen00196/app.bsky.feed.post/000196,e04de64b973a,user063.example.invalid,97b952486ae3,user063,2026-09-22T03:18:41Z,Breaking: Melting glaciers threaten water supplies for millions in South Asia. (via Kenya),en,False,0,0,0,0,0,,,,,,,,climate
at://did:plc:syntheticen00076/app.bsky.feed.post/000076,3084539a5723,user012.example.invalid,bfcc2f63d1e2,user012,2026-09-23T12:48:52Z,Analysts say the coalition talks could take weeks after the election result. #world,en,False,82,26,22,6,0,,,,,,,,election
at://did:plc:syntheticen00008/app.bsky.feed.post/000008,a1ea49f851e0,user051.example.invalid,3cb2f308814d,user051,2026-09-27T13:45:11Z,The opposition party gained seats in parliament after a tight vote count. This matters. (via Indonesia),en,False,0,0,0,0,0,,,,,,,,election
at://did:plc:syntheticen00034/app.bsky.feed.post/000034,aee93a11524f,user045.example.invalid,c68f0a3d473f,user045,2026-09-23T06:02:15Z,"Thread: Young voters turned out in record numbers, according to early exit polls. What do you think?",en,False,5,2,1,0,0,,,,,,,,election
at://did:plc:syntheticen00074/app.bsky.feed.post/000074,2cd786c13d10,user007.example.invalid,5b7f93ad9746,user007,2026-09-27T16:33:16Z,Update: Analysts say the coalition talks could take weeks after the election result.,en,False,6,1,1,0,0,,,,,,,,election
at://did:plc:syntheticen00138/app.bsky.feed.post/000138,7194e37ac5cd,user030.example.invalid,a5bec08d2a42,user030,2026-09-20T14:07:36Z,Live: The climate summit ended with a pledge to triple renewable energy by 2030. #news,en,False,0,0,0,0,0,,,,,,,,climate
at://did:plc:syntheticen00026/app.bsky.feed.post/000026,0ae59626333d,user018.example.invalid,92c066bf55c1,user018,2026-09-26T22:17:18Z,Thread: Observers from the EU praised the transparency of the vote in the capital.,en,False,2,0,0,0,0,,,,,,,,election
at://did:plc:syntheticen00072/app.bsky.feed.post/000072,6fe7d63e0480,user027.example.invalid,5ad093b864b6,user027,2026-09-17T15:45:58Z,Thread: The electoral commission reported minor delays at polling stations in rural areas. (via Indonesia),en,False,2,0,0,0,0,,,,,,,,election
at://did:plc:syntheticen00003/app.bsky.feed.post/000003,f918d01aa60b,user074.example.invalid,e9f22237e35e,user074,2026-09-27T14:23:08Z,Polls open tomorrow in the national election. Turnout expected to be the highest in decades. Full story in the link. (via Canada),en,False,5,1,0,0,0,,,,,,,,election
at://did:plc:syntheticen00033/app.bsky.feed.post/000033,c6658dc6bed1,user056.example.invalid,80b954b738db,user056,2026-09-20T23:26:30Z,"Young voters turned out in record numbers, according to early exit polls. (via Canada)",en,False,1,0,0,0,0,,,,,,,,election
at://did:plc:syntheticen00049/app.bsky.feed.post/000049,1d73f7ec651a,user007.example.invalid,5b7f93ad9746,user007,2026-09-18T11:02:25Z,Update: Misinformation about voting hours spread on social media before the election.,en,False,4,1,0,0,0,,,,,,,,election
at://did:plc:syntheticen00149/app.bsky.feed.post/000149,9e2817974858,user034.example.invalid,8f76a37b95f1,user034,2026-09-24T11:43:51Z,A new report links extreme rainfall in Asia to a warming ocean. This matters.,en,False,0,0,0,0,0,,,,,,,,climate
at://did:plc:syntheticen00150/app.bsky.feed.post/000150,cd54eb0a7dbd,user037.example.invalid,6926aaa0bb31,user037,2026-09-28T15:08:18Z,A new report links extreme rainfall in Asia to a warming ocean.,en,False,24,3,5,2,0,,,,,,,,climate
at://did:plc:syntheticen00048/app.bsky.feed.post/000048,2b59795500c5,user066.example.invalid,57160d58360f,user066,2026-09-24T03:05:18Z,Update: The prime minister conceded defeat and congratulated the winner. Full story in the link.,en,False,1,0,0,0,0,,,,,,,,election
at://did:plc:syntheticen00080/app.bsky.feed.post/000080,86d4d38c5e08,user075.example.invalid,beddc8da6eaa,user075,2026-09-21T14:18:11Z,Voter registration closed today with two million new registrations. #news (via Indonesia),en,False,1,0,0,0,0,,,,,,,,election
at://did:plc:syntheticen00031/app.bsky.feed.post/000031,4c84d05665a9,user031.example.invalid,96dde43679ff,user031,2026-09-22T21:41:21Z,"Young voters turned out in record numbers, according to early exit polls. This matters. (via Canada)",en,False,0,0,0,0,0,,,,,,,,election
at://did:plc:syntheticen00127/app.bsky.feed.post/000127,097d0ef30cb3,user077.example.invalid,acdfe3febe15,user077,2026-09-20T15:19:51Z,Live: Scientists warn that sea level rise is accelerating faster than expected. #climate,en,False,7,3,0,0,0,,,,,,,,climate
at://did:plc:syntheticen00112/app.bsky.feed.post/000112,7fe274e9a05c,user021.example.invalid,59c796a90f31,user021,2026-09-22T19:00:54Z,The campaign focused on security and the economy. #news,en,False,0,0,0,0,0,,,,,,,,election
at://did:plc:syntheticen00063/app.bsky.feed.post/000063,de28614c8206,user056.example.invalid,80b954b738db,user056,2026-09-20T22:45:36Z,Protesters gathered outside parliament demanding a fair election. #news (via the United States),en,False,0,0,0,0,0,,,,,,,,election
at://did:plc:syntheticen00047/app.bsky.feed.post/000047,01a4d19ddda6,user050.example.invalid,dbe814fcc309,user050,2026-09-17T00:11:42Z,Just read this - The prime minister conceded defeat and congratulated the winner. #world (via Brazil),en,False,1,0,0,0,0,,,,,,,,election
at://did:plc:syntheticen00155/app.bsky.feed.post/000155,0591c0fcafb9,user048.example.invalid,bea85fdef708,user048,2026-09-26T20:41:45Z,Live: Delegates from 190 countries are negotiating a deal on fossil fuel subsidies. (via France),en,False,2,0,0,0,0,,,,,,,,climate
at://did:plc:syntheticen00185/app.bsky.feed.post/000185,369c7e0cac89,user017.example.invalid,e6682d93ff23,user017,2026-09-25T17:53:48Z,The city announced a plan to plant one million trees to fight urban heat. #news,en,False,0,0,0,0,0,,,,,,,,climate
at://did:plc:syntheticen00190/app.bsky.feed.post/000190,1fa881e0a4aa,user052.example.invalid,7adcce767154,user052,2026-09-18T18:14:38Z,Activists marched through the capital demanding faster climate action. Full story in the link. (via Kenya),en,False,7,1,1,0,0,,,,,,,,climate
at://did:plc:syntheticen00020/app.bsky.feed.post/000020,e2da710cdfe6,user018.example.invalid,92c066bf55c1,user018,2026-09-26T00:07:14Z,Live: Candidates clashed over inflation and housing in the final debate before the election. #news (via Canada),en,False,6,1,1,0,0,,,,,,,,election
at://did:plc:syntheticen00067/app.bsky.feed.post/000067,59869027e1d4,user077.example.invalid,acdfe3febe15,user077,2026-09-16T05:43:40Z,The electoral commission reported minor delays at polling stations in rural areas. Full story in the link.,en,False,13,1,0,0,0,,,,,,,,election
at://did:plc:syntheticen00168/app.bsky.feed.post/000168,8319ab7ec95e,user044.example.invalid,ac03ee6521b8,user044,2026-09-23T17:52:27Z,Island nations call for climate finance to protect coastal communities. #world,en,False,5,1,0,0,0,,,,,,,,climate
at://did:plc:syntheticen00208/app.bsky.feed.post/000208,3d3d3380a599,user054.example.invalid,6b27d981a815,user054,2026-09-21T16:49:18Z,Breaking: A heat wave in India pushed electricity demand to a record high. What do you think?,en,False,4,0,0,0,0,,,,,,,,climate
at://did:plc:syntheticen00236/app.bsky.feed.post/000236,98085d986401,user065.example.invalid,aa69d0473b39,user065,2026-09-16T03:01:00Z,A UN report says the world is off track to meet the 1.5 degree target. Full story in the link.,en,False,1,0,0,0,0,,,,,,,,climate
at://did:plc:syntheticen00186/app.bsky.feed.post/000186,fefa17214e7d,user058.example.invalid,3f352d51c8fd,user058,2026-09-17T11:18:23Z,Breaking: The city announced a plan to plant one million trees to fight urban heat. (via Brazil),en,False,3,1,0,0,0,,,,,,,,climate
at://did:plc:syntheticen00158/app.bsky.feed.post/000158,1bdcebe9eb8f,user013.example.invalid,67d2edfc7f83,user013,2026-09-18T14:25:45Z,"Thread: The typhoon season has been unusually strong this year, meteorologists say.",en,False,5,1,0,0,0,,,,,,,,climate
at://did:plc:syntheticen00234/app.bsky.feed.post/000234,8ab55667c8fd,user035.example.invalid,fe68a842047a,user035,2026-09-24T20:27:47Z,Just read this - Electric vehicle sales rose 40 percent as governments cut subsidies for petrol cars. #world,en,False,1,0,0,0,0,,,,,,,,climate
at://did:plc:syntheticen00222/app.bsky.feed.post/000222,3d4760ae36ec,user025.example.invalid,65a749c515b5,user025,2026-09-24T17:23:18Z,The summit agreed to a fund for loss and damage from climate disasters. (via India),en,False,13,4,0,0,0,,,,,,,,climate
at://did:plc:syntheticen00015/app.bsky.feed.post/000015,2f994fb0e738,user029.example.invalid,abe924ab6980,user029,2026-09-26T10:44:26Z,Election officials say results will be certified by Friday. #election Full story in the link.,en,False,3,1,0,0,0,,,,,,,,election
at://did:plc:syntheticen00089/app.bsky.feed.post/000089,709dd21c6c1a,user002.example.invalid,e3ce8de04a92,user002,2026-09-19T04:35:21Z,Breaking: The president's party lost its majority in the senate. #world,en,False,7,3,0,0,0,,,,,,,,election
at://did:plc:syntheticen00167/app.bsky.feed.post/000167,f88ce6f329f0,user021.example.invalid,59c796a90f31,user021,2026-09-21T08:02:47Z,Breaking: Island nations call for climate finance to protect coastal communities. #news,en,False,0,0,0,0,0,,,,,,,,climate
at://did:plc:syntheticen00038/app.bsky.feed.post/000038,937cc9415a56,user006.example.invalid,f8ef0595a4b6,user006,2026-09-17T23:49:42Z,A recount was requested in three districts after a narrow margin. #world,en,False,12,5,2,0,0,,,,,,,,election
at://did:plc:syntheticen00211/app.bsky.feed.post/000211,61eece1bc9e8,user048.example.invalid,bea85fdef708,user048,2026-09-20T06:46:24Z,Coral bleaching has reached the worst level ever recorded in the Pacific. (via Australia),en,False,3,1,0,0,0,,,,,,,,climate
at://did:plc:syntheticen00036/app.bsky.feed.post/000036,fd357dddd20b,user001.example.invalid,c23162ffc1a5,user001,2026-09-23T23:23:40Z,"Thread: Young voters turned out in record numbers, according to early exit polls. This matters. (via Kenya)",en,False,1,0,0,0,0,,,,,,,,election
at://did:plc:syntheticen00142/app.bsky.feed.post/000142,ba7f596b4a5b,user013.example.invalid,67d2edfc7f83,user013,2026-09-21T14:45:44Z,Wildfires forced thousands to evacuate as temperatures hit 45 degrees. (via Indonesia),en,False,11,5,2,0,0,,,,,,,,climate
at://did:plc:syntheticen00085/app.bsky.feed.post/000085,9dd774df2d12,user068.example.invalid,fed64a20d8c3,user068,2026-09-18T09:34:50Z,The president's party lost its majority in the senate. #world (via India),en,False,7,0,1,0,0,,,,,,,,election
at://did:plc:syntheticen00116/app.bsky.feed.post/000116,826216d6701e,user061.example.invalid,c8a93fa8aeb0,user061,2026-09-21T23:10:25Z,Breaking: Parliament will meet next week to elect a new speaker. (via Australia),en,False,13,3,3,0,0,,,,,,,,election
at://did:plc:syntheticen00078/app.bsky.feed.post/000078,002c715afe37,user029.example.invalid,abe924ab6980,user029,2026-09-27T21:19:16Z,Live: Analysts say the coalition talks could take weeks after the election result. #news (via Australia),en,False,7,2,1,0,0,,,,,,,,election
at://did:plc:syntheticen00092/app.bsky.feed.post/000092,24029a479b3d,user040.example.invalid,7b148fd607d9,user040,2026-09-18T13:17:34Z,International media are covering the election from the capital. #world (via Indonesia),en,False,7,0,1,0,0,,,,,,,,election
at://did:plc:syntheticen00239/app.bsky.feed.post/000239,b15b4854e545,user023.example.invalid,e33d8820772d,user023,2026-09-27T10:45:06Z,A UN report says the world is off track to meet the 1.5 degree target. #news,en,False,6,0,0,0,0,,,,,,,,climate
at://did:plc:syntheticen00027/app.bsky.feed.post/000027,6e218e35d3c8,user041.example.invalid,959544d8a9f4,user041,2026-09-26T17:26:35Z,Update: Observers from the EU praised the transparency of the vote in the capital. This matters. (via Brazil),en,False,2,0,0,0,0,,,,,,,,election
at://did:plc:syntheticen00179/app.bsky.feed.post/000179,c7d4e949832b,user060.example.invalid,fa8e946845f5,user060,2026-09-26T05:10:28Z,Farmers in Africa face a third year of drought as the rainy season fails. What do you think? (via the United States),en,False,0,0,0,0,0,,,,,,,,climate
at://did:plc:syntheticen00065/app.bsky.feed.post/000065,c4d9c103d5f8,user041.example.invalid,959544d8a9f4,user041,2026-09-19T10:41:39Z,Thread: Protesters gathered outside parliament demanding a fair election. What do you think?,en,False,0,0,0,0,0,,,,,,,,election
at://did:plc:syntheticen00145/app.bsky.feed.post/000145,1bd8c203b975,user062.example.invalid,080b354d7f9d,user062,2026-09-23T02:23:03Z,Breaking: A new report links extreme rainfall in Asia to a warming ocean. (via India),en,False,1,0,0,0,0,,,,,,,,climate
at://did:plc:syntheticen00225/app.bsky.feed.post/000225,6f00398aab54,user002.example.invalid,e3ce8de04a92,user002,2026-09-23T17:58:48Z,Flooding in Europe left towns under water after days of heavy rain. (via Indonesia),en,False,0,0,0,0,0,,,,,,,,climate
at://did:plc:syntheticen00032/app.bsky.feed.post/000032,2dc3036caa9b,user023.example.invalid,e33d8820772d,user023,2026-09-18T09:10:47Z,"Young voters turned out in record numbers, according to early exit polls. What do you think?",en,False,1,0,0,0,0,,,,,,,,election
at://did:plc:syntheticen00110/app.bsky.feed.post/000110,7aa3f491c37d,user024.example.invalid,b81a1e406c5e,user024,2026-09-18T20:09:19Z,Update: The campaign focused on security and the economy. What do you think?,en,False,54,19,7,1,0,,,,,,,,election
at://did:plc:syntheticen00093/app.bsky.feed.post/000093,565f4b85bf78,user014.example.invalid,9ae6e8ec4af2,user014,2026-09-17T21:53:13Z,Live: International media are covering the election from the capital. (via Australia),en,False,4,0,0,0,0,,,,,,,,election
at://did:plc:syntheticen00182/app.bsky.feed.post/000182,f27d9ef5fa35,user075.example.invalid,beddc8da6eaa,user075,2026-09-15T12:32:22Z,Just read this - The city announced a plan to plant one million trees to fight urban heat.,en,False,10,1,0,0,0,,,,,,,,climate
at://did:plc:syntheticen00171/app.bsky.feed.post/000171,1f699f47dc70,user039.example.invalid,898bca544702,user039,2026-09-20T15:17:40Z,"Just read this - Solar power capacity doubled in two years, according to the energy agency. Full story in the link. (via Canada)",en,False,16,2,1,0,0,,,,,,,,climate
at://did:plc:syntheticen00012/app.bsky.feed.post/000012,5042d24889ef,user047.example.invalid,f276d0103a28,user047,2026-09-23T15:53:00Z,The opposition party gained seats in parliament after a tight vote count. What do you think? (via the United States),en,False,4,1,0,0,0,,,,,,,,election
at://did:plc:syntheticen00046/app.bsky.feed.post/000046,4eb9a287f546,user049.example.invalid,532a50573dff,user049,2026-09-21T16:33:41Z,Live: The prime minister conceded defeat and congratulated the winner. #world (via Japan),en,False,7,1,1,0,0,,,,,,,,election
at://did:plc:syntheticen00118/app.bsky.feed.post/000118,f05fe63c8077,user018.example.invalid,92c066bf55c1,user018,2026-09-15T11:53:08Z,Parliament will meet next week to elect a new speaker. #news (via India),en,False,4,1,0,0,0,,,,,,,,election
at://did:plc:syntheticen00040/app.bsky.feed.post/000040,d5c21bd10a7f,user034.example.invalid,8f76a37b95f1,user034,2026-09-20T01:57:20Z,A recount was requested in three districts after a narrow margin. #world,en,False,3,0,0,0,0,,,,,,,,election
at://did:plc:syntheticen00045/app.bsky.feed.post/000045,debe0e3e1aff,user015.example.invalid,8347c9ccdc3c,user015,2026-09-24T22:50:22Z,The prime minister conceded defeat and congratulated the winner.,en,False,12,4,0,1,0,,,,,,,,election
at://did:plc:syntheticen00212/app.bsky.feed.post/000212,815ffec582fe,user046.example.invalid,73c2cc7d243f,user046,2026-09-25T12:51:15Z,Just read this - Coral bleaching has reached the worst level ever recorded in the Pacific. (via Indonesia),en,False,1,0,0,0,0,,,,,,,,climate
at://did:plc:syntheticen00153/app.bsky.feed.post/000153,3304a8037426,user027.example.invalid,5ad093b864b6,user027,2026-09-15T03:20:14Z,Breaking: Delegates from 190 countries are negotiating a deal on fossil fuel subsidies. (via the United States),en,False,3,0,0,0,0,,,,,,,,climate
at://did:plc:syntheticen00044/app.bsky.feed.post/000044,0bcfe534ba4f,user027.example.invalid,5ad093b864b6,user027,2026-09-21T00:29:56Z,Breaking: The prime minister conceded defeat and congratulated the winner. Full story in the link.,en,False,2,0,0,0,0,,,,,,,,election
at://did:plc:syntheticen00154/app.bsky.feed.post/000154,64379fecefe0,user045.example.invalid,c68f0a3d473f,user045,2026-09-17T17:32:07Z,Breaking: Delegates from 190 countries are negotiating a deal on fossil fuel subsidies. Full story in the link. (via the United States),en,False,5,1,1,0,0,,,,,,,,climate
at://did:plc:syntheticen00053/app.bsky.feed.post/000053,e42d542826fc,user028.example.invalid,cb6e7d8071c2,user028,2026-09-21T08:35:52Z,Breaking: Misinformation about voting hours spread on social media before the election. #world (via Japan),en,False,7,0,1,0,0,,,,,,,,election
at://did:plc:syntheticen00175/app.bsky.feed.post/000175,9319be7a8954,user041.example.invalid,959544d8a9f4,user041,2026-09-19T10:25:13Z,Update: Farmers in Africa face a third year of drought as the rainy season fails. This matters. (via Indonesia),en,False,7,1,0,0,0,,,,,,,,climate
at://did:plc:syntheticen00094/app.bsky.feed.post/000094,623977744c01,user028.example.invalid,cb6e7d8071c2,user028,2026-09-18T12:08:02Z,Thread: International media are covering the election from the capital. (via Canada),en,False,3,0,0,0,0,,,,,,,,election
at://did:plc:syntheticen00136/app.bsky.feed.post/000136,3fa94d59d9da,user058.example.invalid,3f352d51c8fd,user058,2026-09-25T10:15:36Z,Thread: The climate summit ended with a pledge to triple renewable energy by 2030. #world,en,False,24,5,0,0,0,,,,,,,,climate
at://did:plc:syntheticen00177/app.bsky.feed.post/000177,ecb2464e4bae,user053.example.invalid,c02837ae6e3c,user053,2026-09-19T03:22:20Z,Update: Farmers in Africa face a third year of drought as the rainy season fails. (via Indonesia),en,False,4,0,0,0,0,,,,,,,,climate
at://did:plc:syntheticen00223/app.bsky.feed.post/000223,9a9f2ca7db2e,user036.example.invalid,43d1ba400888,user036,2026-09-17T20:54:07Z,Just read this - Flooding in Europe left towns under water after days of heavy rain. This matters. (via Australia),en,False,2,0,0,0,0,,,,,,,,climate
at://did:plc:syntheticen00057/app.bsky.feed.post/000057,29739662e8bc,user032.example.invalid,a0935cbc1ed0,user032,2026-09-28T00:39:31Z,"Breaking: The new government promises to focus on jobs, healthcare and energy prices. #world (via Indonesia)",en,False,1,0,0,0,0,,,,,,,,election
at://did:plc:syntheticen00147/app.bsky.feed.post/000147,d15e14a08310,user013.example.invalid,67d2edfc7f83,user013,2026-09-16T00:59:07Z,A new report links extreme rainfall in Asia to a warming ocean. (via Brazil),en,False,0,0,0,0,0,,,,,,,,climate
at://did:plc:syntheticen00123/app.bsky.feed.post/000123,0a4960a6a8f5,user019.example.invalid,1924aa5828b2,user019,2026-09-18T16:57:21Z,Update: Record heat across southern Europe as the climate summit opens in Geneva. (via Kenya),en,False,0,0,0,0,0,,,,,,,,climate
at://did:plc:syntheticen00151/app.bsky.feed.post/000151,b74fcf66560b,user003.example.invalid,1bafcb67e300,user003,2026-09-25T03:40:34Z,Update: Delegates from 190 countries are negotiating a deal on fossil fuel subsidies. Full story in the link.,en,False,6,1,0,0,0,,,,,,,,climate
at://did:plc:syntheticen00134/app.bsky.feed.post/000134,04a7cb0982f4,user054.example.invalid,6b27d981a815,user054,2026-09-17T12:15:50Z,Just read this - The climate summit ended with a pledge to triple renewable energy by 2030. #news,en,False,1,0,0,0,0,,,,,,,,climate
at://did:plc:syntheticen00090/app.bsky.feed.post/000090,65114d57456d,user075.example.invalid,beddc8da6eaa,user075,2026-09-15T16:41:35Z,The president's party lost its majority in the senate.,en,False,24,6,6,1,0,,,,,,,,election
at://did:plc:syntheticen00189/app.bsky.feed.post/000189,d9f22c64b8bf,user052.example.invalid,7adcce767154,user052,2026-09-27T07:50:08Z,Thread: Activists marched through the capital demanding faster climate action. What do you think? (via India),en,False,6,2,0,0,0,,,,,,,,climate
at://did:plc:syntheticen00165/app.bsky.feed.post/000165,8542d33ce258,user050.example.invalid,dbe814fcc309,user050,2026-09-17T14:05:31Z,Update: Island nations call for climate finance to protect coastal communities. Full story in the link. (via the United States),en,False,5,0,1,0,0,,,,,,,,climate
at://did:plc:syntheticen00068/app.bsky.feed.post/000068,bae2cadf3efd,user058.example.invalid,3f352d51c8fd,user058,2026-09-21T14:38:50Z,Breaking: The electoral commission reported minor delays at polling stations in rural areas. #world (via Japan),en,False,3,0,0,0,0,,,,,,,,election
at://did:plc:syntheticen00173/app.bsky.feed.post/000173,eb815e38d318,user056.example.invalid,80b954b738db,user056,2026-09-16T09:19:33Z,"Thread: Solar power capacity doubled in two years, according to the energy agency. This matters. (via Canada)",en,False,3,0,0,0,0,,,,,,,,climate
at://did:plc:syntheticen00058/app.bsky.feed.post/000058,12c5e6f4bccd,user055.example.invalid,d89955edcd4b,user055,2026-09-21T20:17:34Z,"Update: The new government promises to focus on jobs, healthcare and energy prices. Full story in the link. (via Brazil)",en,False,1,0,0,0,0,,,,,,,,election
at://did:plc:syntheticen00183/app.bsky.feed.post/000183,c5daa62f1b46,user047.example.invalid,f276d0103a28,user047,2026-09-25T03:48:38Z,Live: The city announced a plan to plant one million trees to fight urban heat.,en,False,12,1,1,0,0,,,,,,,,climate
at://did:plc:syntheticen00161/app.bsky.feed.post/000161,66fb4049d184,user046.example.invalid,73c2cc7d243f,user046,2026-09-15T14:38:27Z,"Update: The typhoon season has been unusually strong this year, meteorologists say. #news",en,False,0,0,0,0,0,,,,,,,,climate
at://did:plc:syntheticen00019/app.bsky.feed.post/000019,ee269ab81e6a,user020.example.invalid,cd4cd7099d43,user020,2026-09-17T11:33:13Z,Just read this - Candidates clashed over inflation and housing in the final debate before the election.,en,False,1,0,0,0,0,,,,,,,,election
at://did:plc:syntheticen00083/app.bsky.feed.post/000083,1bbf8dff871b,user022.example.invalid,562256751f95,user022,2026-09-19T17:06:53Z,Update: Voter registration closed today with two million new registrations. (via the United States),en,False,2,0,0,0,0,,,,,,,,election
at://did:plc:syntheticen00169/app.bsky.feed.post/000169,6d74f484be28,user017.example.invalid,e6682d93ff23,user017,2026-09-17T21:28:43Z,"Thread: Solar power capacity doubled in two years, according to the energy agency.",en,False,24,6,0,0,0,,,,,,,,climate
at://did:plc:syntheticen00215/app.bsky.feed.post/000215,df25088a63aa,user035.example.invalid,fe68a842047a,user035,2026-09-18T10:49:23Z,Coral bleaching has reached the worst level ever recorded in the Pacific. Full story in the link.,en,False,17,8,0,0,0,,,,,,,,climate
at://did:plc:syntheticen00237/app.bsky.feed.post/000237,e025e6054ece,user002.example.invalid,e3ce8de04a92,user002,2026-09-23T23:56:23Z,Update: A UN report says the world is off track to meet the 1.5 degree target. (via Australia),en,False,0,0,0,0,0,,,,,,,,climate
at://did:plc:syntheticen00135/app.bsky.feed.post/000135,46df648b258d,user078.example.invalid,54800e38f8b1,user078,2026-09-19T23:13:09Z,Thread: The climate summit ended with a pledge to triple renewable energy by 2030. #news (via Japan),en,False,9,3,0,0,0,,,,,,,,climate
at://did:plc:syntheticen00101/app.bsky.feed.post/000101,7c6b2b6f3e8a,user056.example.invalid,80b954b738db,user056,2026-09-25T17:06:55Z,"Live: Election day was calm, with long lines in the morning and quick counting at night.",en,False,4,0,0,0,0,,,,,,,,election
at://did:plc:syntheticen00017/app.bsky.feed.post/000017,1a669211a069,user026.example.invalid,49a25ec40ce4,user026,2026-09-17T23:35:55Z,Just read this - Election officials say results will be certified by Friday. #election This matters.,en,False,1,0,0,0,0,,,,,,,,election
at://did:plc:syntheticen00091/app.bsky.feed.post/000091,a9a817e88a47,user014.example.invalid,9ae6e8ec4af2,user014,2026-09-28T02:57:35Z,Breaking: International media are covering the election from the capital.,en,False,1,0,0,0,0,,,,,,,,election
at://did:plc:syntheticen00213/app.bsky.feed.post/000213,ff9e9faa781c,user046.example.invalid,73c2cc7d243f,user046,2026-09-20T17:36:14Z,Coral bleaching has reached the worst level ever recorded in the Pacific. Full story in the link. (via Kenya),en,False,2,0,0,0,0,,,,,,,,climate
at://did:plc:syntheticen00162/app.bsky.feed.post/000162,1173039e6442,user054.example.invalid,6b27d981a815,user054,2026-09-27T09:46:28Z,"Just read this - The typhoon season has been unusually strong this year, meteorologists say.",en,False,5,2,1,0,0,,,,,,,,climate
at://did:plc:syntheticen00061/app.bsky.feed.post/000061,797c237b5cfe,user041.example.invalid,959544d8a9f4,user041,2026-09-26T11:13:57Z,Breaking: Protesters gathered outside parliament demanding a fair election.,en,False,1,0,0,0,0,,,,,,,,election
at://did:plc:syntheticen00098/app.bsky.feed.post/000098,6ca6d4d15013,user032.example.invalid,a0935cbc1ed0,user032,2026-09-15T14:16:56Z,"Just read this - Election day was calm, with long lines in the morning and quick counting at night. What do you think?",en,False,6,1,0,0,0,,,,,,,,election
at://did:plc:syntheticen00140/app.bsky.feed.post/000140,4582d2ede3b8,user047.example.invalid,f276d0103a28,user047,2026-09-25T06:46:55Z,Just read this - Wildfires forced thousands to evacuate as temperatures hit 45 degrees. This matters.,en,False,0,0,0,0,0,,,,,,,,climate
at://did:plc:syntheticen00152/app.bsky.feed.post/000152,a0c82948c96a,user036.example.invalid,43d1ba400888,user036,2026-09-20T08:35:33Z,Live: Delegates from 190 countries are negotiating a deal on fossil fuel subsidies.,en,False,0,0,0,0,0,,,,,,,,climate
at://did:plc:syntheticen00088/app.bsky.feed.post/000088,2d5fbfa2997b,user001.example.invalid,c23162ffc1a5,user001,2026-09-28T04:44:21Z,Thread: The president's party lost its majority in the senate. #world (via Kenya),en,False,4,1,0,0,0,,,,,,,,election
at://did:plc:syntheticen00131/app.bsky.feed.post/000131,7494148cc1d8,user061.example.invalid,c8a93fa8aeb0,user061,2026-09-18T16:04:55Z,Scientists warn that sea level rise is accelerating faster than expected. #climate (via Japan),en,False,1,0,0,0,0,,,,,,,,climate
at://did:plc:syntheticen00121/app.bsky.feed.post/000121,8fe524dcf732,user062.example.invalid,080b354d7f9d,user062,2026-09-24T11:06:52Z,Live: Record heat across southern Europe as the climate summit opens in Geneva.,en,False,2,0,0,0,0,,,,,,,,climate
at://did:plc:syntheticen00197/app.bsky.feed.post/000197,f3c057cbe670,user031.example.invalid,96dde43679ff,user031,2026-09-23T16:50:04Z,Live: Melting glaciers threaten water supplies for millions in South Asia.,en,False,9,2,2,0,0,,,,,,,,climate
at://did:plc:syntheticen00122/app.bsky.feed.post/000122,1fea08cef4f5,user064.example.invalid,bfa1485c14b7,user064,2026-09-15T17:48:07Z,Live: Record heat across southern Europe as the climate summit opens in Geneva.,en,False,0,0,0,0,0,,,,,,,,climate
at://did:plc:syntheticen00001/app.bsky.feed.post/000001,9238f16d184c,user028.example.invalid,cb6e7d8071c2,user028,2026-09-27T19:52:37Z,Just read this - Polls open tomorrow in the national election. Turnout expected to be the highest in decades. (via Japan),en,False,21,2,2,0,0,,,,,,,,election
at://did:plc:syntheticen00148/app.bsky.feed.post/000148,258e1c145d67,user029.example.invalid,abe924ab6980,user029,2026-09-23T19:28:53Z,A new report links extreme rainfall in Asia to a warming ocean. This matters.,en,False,4,1,0,0,0,,,,,,,,climate
at://did:plc:syntheticen00117/app.bsky.feed.post/000117,96d5c35d3423,user032.example.invalid,a0935cbc1ed0,user032,2026-09-18T06:58:09Z,Update: Parliament will meet next week to elect a new speaker. Full story in the link.,en,False,6,2,0,0,0,,,,,,,,election
at://did:plc:syntheticen00081/app.bsky.feed.post/000081,786df0234500,user023.example.invalid,e33d8820772d,user023,2026-09-21T12:30:12Z,Live: Voter registration closed today with two million new registrations. (via Indonesia),en,False,12,5,1,0,0,,,,,,,,election
at://did:plc:syntheticen00172/app.bsky.feed.post/000172,2fbaa70065c5,user055.example.invalid,d89955edcd4b,user055,2026-09-23T22:20:07Z,"Update: Solar power capacity doubled in two years, according to the energy agency. What do you think? (via Kenya)",en,False,1,0,0,0,0,,,,,,,,climate
at://did:plc:syntheticen00141/app.bsky.feed.post/000141,935346554467,user041.example.invalid,959544d8a9f4,user041,2026-09-23T20:35:20Z,Wildfires forced thousands to evacuate as temperatures hit 45 degrees. What do you think? (via France),en,False,3,1,0,0,0,,,,,,,,climate
at://did:plc:syntheticen00114/app.bsky.feed.post/000114,feedea0f51d8,user052.example.invalid,7adcce767154,user052,2026-09-17T23:36:20Z,Breaking: The campaign focused on security and the economy. (via the United States),en,False,0,0,0,0,0,,,,,,,,election
at://did:plc:syntheticen00166/app.bsky.feed.post/000166,e97c1dbed8e8,user075.example.invalid,beddc8da6eaa,user075,2026-09-28T07:44:48Z,Thread: Island nations call for climate finance to protect coastal communities. This matters. (via India),en,False,3,0,0,0,0,,,,,,,,climate
at://did:plc:syntheticen00176/app.bsky.feed.post/000176,5450fbcd6262,user038.example.invalid,c8fc7be3e77e,user038,2026-09-24T16:06:01Z,Farmers in Africa face a third year of drought as the rainy season fails.,en,False,2,0,0,0,0,,,,,,,,climate
at://did:plc:syntheticen00084/app.bsky.feed.post/000084,8175f9a6bf91,user079.example.invalid,b05697b4af87,user079,2026-09-24T21:29:51Z,Just read this - Voter registration closed today with two million new registrations. Full story in the link. (via Indonesia),en,False,3,0,0,0,0,,,,,,,,election
at://did:plc:syntheticen00143/app.bsky.feed.post/000143,d0b8a54fa2cb,user059.example.invalid,ec83458cb22c,user059,2026-09-23T06:47:36Z,Wildfires forced thousands to evacuate as temperatures hit 45 degrees. Full story in the link.,en,False,8,2,2,0,0,,,,,,,,climate
at://did:plc:syntheticen00216/app.bsky.feed.post/000216,d22343460a50,user077.example.invalid,acdfe3febe15,user077,2026-09-15T01:05:58Z,Coral bleaching has reached the worst level ever recorded in the Pacific. This matters.,en,False,0,0,0,0,0,,,,,,,,climate
at://did:plc:syntheticen00104/app.bsky.feed.post/000104,f6fc9786a2c0,user022.example.invalid,562256751f95,user022,2026-09-28T10:39:44Z,A court rejected the challenge to the election results. #world,en,False,2,0,0,0,0,,,,,,,,election
at://did:plc:syntheticen00013/app.bsky.feed.post/000013,ec1ad3c822a3,user060.example.invalid,fa8e946845f5,user060,2026-09-23T15:28:53Z,Update: Election officials say results will be certified by Friday. #election,en,False,0,0,0,0,0,,,,,,,,election
at://did:plc:syntheticen00238/app.bsky.feed.post/000238,ae83c6e5e3b7,user055.example.invalid,d89955edcd4b,user055,2026-09-28T23:38:56Z,Update: A UN report says the world is off track to meet the 1.5 degree target.,en,False,3,0,0,0,0,,,,,,,,climate
at://did:plc:syntheticen00009/app.bsky.feed.post/000009,8ada6d828b00,user046.example.invalid,73c2cc7d243f,user046,2026-09-26T19:03:25Z,Live: The opposition party gained seats in parliament after a tight vote count. #world,en,False,1,0,0,0,0,,,,,,,,election
at://did:plc:syntheticen00201/app.bsky.feed.post/000201,73ba6f4d74c8,user011.example.invalid,e2749b87ca12,user011,2026-09-18T15:12:19Z,Just read this - The carbon tax debate dominated the climate talks on day three.,en,False,10,1,0,0,0,,,,,,,,climate
at://did:plc:syntheticen00159/app.bsky.feed.post/000159,cecf307af769,user074.example.invalid,e9f22237e35e,user074,2026-09-22T20:24:23Z,"Live: The typhoon season has been unusually strong this year, meteorologists say. Full story in the link. (via the United States)",en,False,1,0,0,0,0,,,,,,,,climate
at://did:plc:syntheticen00023/app.bsky.feed.post/000023,151ae26bd216,user032.example.invalid,a0935cbc1ed0,user032,2026-09-20T14:08:11Z,Candidates clashed over inflation and housing in the final debate before the election. #news,en,False,0,0,0,0,0,,,,,,,,election
at://did:plc:syntheticen00030/app.bsky.feed.post/000030,580a6598aa49,user011.example.invalid,e2749b87ca12,user011,2026-09-22T20:41:59Z,Just read this - Observers from the EU praised the transparency of the vote in the capital. (via Germany),en,False,13,4,0,0,0,,,,,,,,election
at://did:plc:syntheticen00170/app.bsky.feed.post/000170,6635a6e465ec,user049.example.invalid,532a50573dff,user049,2026-09-26T11:08:43Z,"Solar power capacity doubled in two years, according to the energy agency. This matters. (via Indonesia)",en,False,23,10,4,0,0,,,,,,,,climate
at://did:plc:syntheticen00051/app.bsky.feed.post/000051,e1ef8c9e8587,user043.example.invalid,16862a35fe0d,user043,2026-09-27T07:01:09Z,Update: Misinformation about voting hours spread on social media before the election. (via Germany),en,False,3,1,0,0,0,,,,,,,,election
at://did:plc:syntheticen00220/app.bsky.feed.post/000220,dab387e20d6c,user044.example.invalid,ac03ee6521b8,user044,2026-09-17T10:04:20Z,The summit agreed to a fund for loss and damage from climate disasters. (via Kenya),en,False,6,2,1,0,0,,,,,,,,climate
at://did:plc:syntheticen00097/app.bsky.feed.post/000097,114d09be0f3c,user009.example.invalid,e3adc91f1de6,user009,2026-09-27T15:48:38Z,"Election day was calm, with long lines in the morning and quick counting at night. (via the United States)",en,False,4,1,0,0,0,,,,,,,,election
at://did:plc:syntheticen00187/app.bsky.feed.post/000187,67f7c8ec3b4f,user035.example.invalid,fe68a842047a,user035,2026-09-22T15:45:52Z,Live: Activists marched through the capital demanding faster climate action. #news,en,False,3,1,0,0,0,,,,,,,,climate
at://did:plc:syntheticen00157/app.bsky.feed.post/000157,1506406c6f8b,user004.example.invalid,ef892ecf414a,user004,2026-09-25T15:48:54Z,"The typhoon season has been unusually strong this year, meteorologists say. (via the United States)",en,False,1,0,0,0,0,,,,,,,,climate
at://did:plc:syntheticen00178/app.bsky.feed.post/000178,609693d34ba1,user073.example.invalid,8d0ff0d03692,user073,2026-09-19T00:57:48Z,Farmers in Africa face a third year of drought as the rainy season fails. Full story in the link. (via the United States),en,False,0,0,0,0,0,,,,,,,,climate
at://did:plc:syntheticen00066/app.bsky.feed.post/000066,e1e72cd238f4,user056.example.invalid,80b954b738db,user056,2026-09-27T12:29:11Z,Protesters gathered outside parliament demanding a fair election.,en,False,2,0,0,0,0,,,,,,,,election
at://did:plc:syntheticen00129/app.bsky.feed.post/000129,7b74a0b6fa10,user064.example.invalid,bfa1485c14b7,user064,2026-09-23T00:22:19Z,Thread: Scientists warn that sea level rise is accelerating faster than expected. #climate Full story in the link. (via Japan),en,False,21,6,0,0,0,,,,,,,,climate
at://did:plc:syntheticen00156/app.bsky.feed.post/000156,585485637113,user038.example.invalid,c8fc7be3e77e,user038,2026-09-15T19:00:40Z,Live: Delegates from 190 countries are negotiating a deal on fossil fuel subsidies. (via Brazil),en,False,15,6,4,0,0,,,,,,,,climate
at://did:plc:syntheticen00062/app.bsky.feed.post/000062,134230f4fc5c,user043.example.invalid,16862a35fe0d,user043,2026-09-17T12:39:18Z,Just read this - Protesters gathered outside parliament demanding a fair election. What do you think? (via Canada),en,False,59,16,1,0,0,,,,,,,,election
at://did:plc:syntheticen00002/app.bsky.feed.post/000002,580e3ed87429,user075.example.invalid,beddc8da6eaa,user075,2026-09-27T22:18:20Z,Polls open tomorrow in the national election. Turnout expected to be the highest in decades. #world (via Indonesia),en,False,3,0,0,0,0,,,,,,,,election
at://did:plc:syntheticen00163/app.bsky.feed.post/000163,8f54f1de3df4,user005.example.invalid,beaa651892ab,user005,2026-09-24T21:19:43Z,Island nations call for climate finance to protect coastal communities. (via Indonesia),en,False,12,4,0,0,0,,,,,,,,climate
at://did:plc:syntheticen00037/app.bsky.feed.post/000037,7bdcda7febe5,user051.example.invalid,3cb2f308814d,user051,2026-09-28T03:06:55Z,Breaking: A recount was requested in three districts after a narrow margin. What do you think?,en,False,0,0,0,0,0,,,,,,,,election
at://did:plc:syntheticen00206/app.bsky.feed.post/000206,6f64f3b691f8,user052.example.invalid,7adcce767154,user052,2026-09-20T12:24:02Z,Breaking: A heat wave in India pushed electricity demand to a record high. This matters. (via Kenya),en,False,4,1,0,0,0,,,,,,,,climate
at://did:plc:syntheticen00105/app.bsky.feed.post/000105,246e817048fe,user058.example.invalid,3f352d51c8fd,user058,2026-09-16T16:20:19Z,Live: A court rejected the challenge to the election results.,en,False,4,1,0,0,0,,,,,,,,election
at://did:plc:syntheticen00226/app.bsky.feed.post/000226,e476aeceecae,user079.example.invalid,b05697b4af87,user079,2026-09-22T15:07:39Z,Just read this - Flooding in Europe left towns under water after days of heavy rain.,en,False,6,1,0,0,0,,,,,,,,climate
at://did:plc:syntheticen00231/app.bsky.feed.post/000231,fb6c173e5097,user045.example.invalid,c68f0a3d473f,user045,2026-09-23T17:01:49Z,Breaking: Electric vehicle sales rose 40 percent as governments cut subsidies for petrol cars. (via Indonesia),en,False,11,4,0,1,0,,,,,,,,climate
at://did:plc:syntheticen00195/app.bsky.feed.post/000195,3c6dcc1c4496,user021.example.invalid,59c796a90f31,user021,2026-09-28T22:06:09Z,Melting glaciers threaten water supplies for millions in South Asia. This matters.,en,False,3,1,0,0,0,,,,,,,,climate
at://did:plc:syntheticen00100/app.bsky.feed.post/000100,01f286277304,user053.example.invalid,c02837ae6e3c,user053,2026-09-19T13:04:42Z,"Just read this - Election day was calm, with long lines in the morning and quick counting at night. #news",en,False,4,0,0,0,0,,,,,,,,election
at://did:plc:syntheticen00039/app.bsky.feed.post/000039,3403e1d306f2,user030.example.invalid,a5bec08d2a42,user030,2026-09-16T13:05:08Z,Update: A recount was requested in three districts after a narrow margin.,en,False,16,2,0,1,0,,,,,,,,election
at://did:plc:syntheticen00099/app.bsky.feed.post/000099,34bff12269b2,user034.example.invalid,8f76a37b95f1,user034,2026-09-27T18:17:47Z,"Election day was calm, with long lines in the morning and quick counting at night. Full story in the link. (via Germany)",en,False,1,0,0,0,0,,,,,,,,election
at://did:plc:syntheticen00108/app.bsky.feed.post/000108,8084f921ba7b,user014.example.invalid,9ae6e8ec4af2,user014,2026-09-26T18:12:41Z,A court rejected the challenge to the election results. (via Germany),en,False,2,0,0,0,0,,,,,,,,election
at://did:plc:syntheticen00139/app.bsky.feed.post/000139,7063ccf00f80,user075.example.invalid,beddc8da6eaa,user075,2026-09-28T18:29:26Z,Breaking: Wildfires forced thousands to evacuate as temperatures hit 45 degrees. Full story in the link.,en,False,6,1,0,0,0,,,,,,,,climate
at://did:plc:syntheticen00082/app.bsky.feed.post/000082,e9daf05cff0c,user041.example.invalid,959544d8a9f4,user041,2026-09-20T13:56:58Z,Just read this - Voter registration closed today with two million new registrations. #world (via France),en,False,4,1,0,0,0,,,,,,,,election
at://did:plc:syntheticen00109/app.bsky.feed.post/000109,ff293d3bc383,user001.example.invalid,c23162ffc1a5,user001,2026-09-22T16:26:20Z,The campaign focused on security and the economy. #world,en,False,0,0,0,0,0,,,,,,,,election
at://did:plc:syntheticen00103/app.bsky.feed.post/000103,adf31c10b041,user046.example.invalid,73c2cc7d243f,user046,2026-09-21T18:14:25Z,Breaking: A court rejected the challenge to the election results. This matters. (via the United States),en,False,16,2,4,1,0,,,,,,,,election
at://did:plc:syntheticen00069/app.bsky.feed.post/000069,91e03c4c4d09,user026.example.invalid,49a25ec40ce4,user026,2026-09-24T09:22:43Z,Breaking: The electoral commission reported minor delays at polling stations in rural areas.,en,False,1,0,0,0,0,,,,,,,,election
at://did:plc:syntheticen00184/app.bsky.feed.post/000184,227125c8cc40,user037.example.invalid,6926aaa0bb31,user037,2026-09-22T19:36:25Z,Update: The city announced a plan to plant one million trees to fight urban heat.,en,False,1,0,0,0,0,,,,,,,,climate
at://did:plc:syntheticen00191/app.bsky.feed.post/000191,d0da62a81cf9,user056.example.invalid,80b954b738db,user056,2026-09-17T07:15:58Z,Activists marched through the capital demanding faster climate action. Full story in the link.,en,False,2,0,0,0,0,,,,,,,,climate
at://did:plc:syntheticen00224/app.bsky.feed.post/000224,f80b54c5e530,user065.example.invalid,aa69d0473b39,user065,2026-09-25T01:30:48Z,Thread: Flooding in Europe left towns under water after days of heavy rain. What do you think?,en,False,10,3,0,0,0,,,,,,,,climate
